<?xml version="1.0"?>
<menu>
	<header>
		<listname>MAME</listname>
		<lastlistupdate>06/03/2012</lastlistupdate>
		<listversion>.146 Ongoing</listversion>
		<exporterversion>HyperList XML Exporter Version 1.3 Copywrite (c) 2009-2011 William Strong</exporterversion>
	</header>
	<game name="avalnche" index="true" image="a">
		<description>Avalanche</description>
		<cloneof></cloneof>
		<crc></crc>
		<manufacturer>Atari</manufacturer>
		<year>1978</year>
		<genre>Ball &amp; Paddle</genre>
		<rating>AAMA - Red (Language Strong)</rating>
		<enabled>Yes</enabled>
	</game>
	<game name="cascade" index="true" image="c">
		<description>Cascade</description>
		<cloneof>avalnche</cloneof>
		<crc></crc>
		<manufacturer>bootleg? (Sidam)</manufacturer>
		<year>1978</year>
		<genre>Ball &amp; Paddle</genre>
		<rating>AAMA - Red (Language Strong)</rating>
		<enabled>Yes</enabled>
	</game>
	<game name="gypsyjug" index="true" image="g">
		<description>Gypsy Juggler</description>
		<cloneof></cloneof>
		<crc></crc>
		<manufacturer>Meadows Games, Inc.</manufacturer>
		<year>1978</year>
		<genre>Ball &amp; Paddle</genre>
		<rating>AAMA - Green (Suitable For All Ages)</rating>
		<enabled>Yes</enabled>
	</game>
	<game name="kickc" index="true" image="k">
		<description>Kick (cocktail)</description>
		<cloneof>kick</cloneof>
		<crc></crc>
		<manufacturer>Midway</manufacturer>
		<year>1981</year>
		<genre>Ball &amp; Paddle</genre>
		<rating>AAMA - Green (Suitable For All Ages)</rating>
		<enabled>Yes</enabled>
	</game>
	<game name="kick" index="" image="">
		<description>Kick (upright)</description>
		<cloneof></cloneof>
		<crc></crc>
		<manufacturer>Midway</manufacturer>
		<year>1981</year>
		<genre>Ball &amp; Paddle</genre>
		<rating>AAMA - Green (Suitable For All Ages)</rating>
		<enabled>Yes</enabled>
	</game>
	<game name="kickman" index="" image="">
		<description>Kickman (upright)</description>
		<cloneof>kick</cloneof>
		<crc></crc>
		<manufacturer>Midway</manufacturer>
		<year>1981</year>
		<genre>Ball &amp; Paddle</genre>
		<rating>AAMA - Green (Suitable For All Ages)</rating>
		<enabled>Yes</enabled>
	</game>
	<game name="peggle" index="true" image="p">
		<description>Peggle (Joystick, v1.0)</description>
		<cloneof></cloneof>
		<crc></crc>
		<manufacturer>Strata/Incredible Technologies</manufacturer>
		<year>1991</year>
		<genre>Ball &amp; Paddle</genre>
		<rating>AAMA - Green (Suitable For All Ages)</rating>
		<enabled>Yes</enabled>
	</game>
	<game name="pegglet" index="" image="">
		<description>Peggle (Trackball, v1.0)</description>
		<cloneof>peggle</cloneof>
		<crc></crc>
		<manufacturer>Strata/Incredible Technologies</manufacturer>
		<year>1991</year>
		<genre>Ball &amp; Paddle</genre>
		<rating>AAMA - Green (Suitable For All Ages)</rating>
		<enabled>Yes</enabled>
	</game>
	<game name="playball" index="" image="">
		<description>PlayBall! (prototype)</description>
		<cloneof></cloneof>
		<crc></crc>
		<manufacturer>Williams</manufacturer>
		<year>1983</year>
		<genre>Ball &amp; Paddle</genre>
		<rating>AAMA - Green (Suitable For All Ages)</rating>
		<enabled>Yes</enabled>
	</game>
	<game name="snakjack" index="true" image="s">
		<description>Snacks&apos;n Jaxson</description>
		<cloneof></cloneof>
		<crc></crc>
		<manufacturer>Bally/Sente</manufacturer>
		<year>1984</year>
		<genre>Ball &amp; Paddle</genre>
		<rating>AAMA - Green (Suitable For All Ages)</rating>
		<enabled>Yes</enabled>
	</game>
	<game name="wallst" index="true" image="w">
		<description>Wall Street</description>
		<cloneof></cloneof>
		<crc></crc>
		<manufacturer>Century Electronics</manufacturer>
		<year>1982</year>
		<genre>Ball &amp; Paddle</genre>
		<rating>AAMA - Green (Suitable For All Ages)</rating>
		<enabled>Yes</enabled>
	</game>
</menu>