<?xml version="1.0"?>
<menu>
	<header>
		<listname>MAME</listname>
		<lastlistupdate>06/03/2012</lastlistupdate>
		<listversion>.146 Ongoing</listversion>
		<exporterversion>HyperList XML Exporter Version 1.3 Copywrite (c) 2009-2011 William Strong</exporterversion>
	</header>
	<game name="1on1gov" index="true" image="1">
		<description>1 on 1 Government (Japan)</description>
		<cloneof></cloneof>
		<crc></crc>
		<manufacturer>Tecmo</manufacturer>
		<year>2000</year>
		<genre>Sports/Basketball</genre>
		<rating>AAMA - Green (Suitable For All Ages)</rating>
		<enabled>Yes</enabled>
	</game>
	<game name="archrivl2" index="true" image="a">
		<description>Arch Rivals (rev 2.0 5/03/89)</description>
		<cloneof>archrivl</cloneof>
		<crc></crc>
		<manufacturer>Bally Midway</manufacturer>
		<year>1989</year>
		<genre>Sports/Basketball</genre>
		<rating>AAMA - Green (Suitable For All Ages)</rating>
		<enabled>Yes</enabled>
	</game>
	<game name="archrivl" index="" image="">
		<description>Arch Rivals (rev 4.0 6/29/89)</description>
		<cloneof></cloneof>
		<crc></crc>
		<manufacturer>Bally Midway</manufacturer>
		<year>1989</year>
		<genre>Sports/Basketball</genre>
		<rating>AAMA - Green (Suitable For All Ages)</rating>
		<enabled>Yes</enabled>
	</game>
	<game name="bsktball" index="true" image="b">
		<description>Basketball</description>
		<cloneof></cloneof>
		<crc></crc>
		<manufacturer>Atari</manufacturer>
		<year>1979</year>
		<genre>Sports/Basketball</genre>
		<rating>AAMA - Green (Suitable For All Ages)</rating>
		<enabled>Yes</enabled>
	</game>
	<game name="ddribble" index="true" image="d">
		<description>Double Dribble</description>
		<cloneof></cloneof>
		<crc></crc>
		<manufacturer>Konami</manufacturer>
		<year>1986</year>
		<genre>Sports/Basketball</genre>
		<rating>AAMA - Green (Suitable For All Ages)</rating>
		<enabled>Yes</enabled>
	</game>
	<game name="pc_dbldr" index="" image="">
		<description>Double Dribble (PlayChoice-10)</description>
		<cloneof></cloneof>
		<crc></crc>
		<manufacturer>Konami (Nintendo of America license)</manufacturer>
		<year>1987</year>
		<genre>Sports/Basketball</genre>
		<rating>AAMA - Green (Suitable For All Ages)</rating>
		<enabled>Yes</enabled>
	</game>
	<game name="ddribblep" index="" image="">
		<description>Double Dribble (prototype?)</description>
		<cloneof>ddribble</cloneof>
		<crc></crc>
		<manufacturer>Konami</manufacturer>
		<year>1986</year>
		<genre>Sports/Basketball</genre>
		<rating>AAMA - Green (Suitable For All Ages)</rating>
		<enabled>Yes</enabled>
	</game>
	<game name="ddream95" index="" image="">
		<description>Dunk Dream &apos;95 (Japan 1.4, EAM)</description>
		<cloneof>hoops96</cloneof>
		<crc></crc>
		<manufacturer>Data East Corporation</manufacturer>
		<year>1995</year>
		<genre>Sports/Basketball</genre>
		<rating>AAMA - Green (Suitable For All Ages)</rating>
		<enabled>Yes</enabled>
	</game>
	<game name="dunkmnia" index="" image="">
		<description>Dunk Mania (Asia, DM2/VER.C)</description>
		<cloneof></cloneof>
		<crc></crc>
		<manufacturer>Namco</manufacturer>
		<year>1995</year>
		<genre>Sports/Basketball</genre>
		<rating>AAMA - Green (Suitable For All Ages)</rating>
		<enabled>Yes</enabled>
	</game>
	<game name="dunkmniajc" index="" image="">
		<description>Dunk Mania (Japan, DM1/VER.C)</description>
		<cloneof>dunkmnia</cloneof>
		<crc></crc>
		<manufacturer>Namco</manufacturer>
		<year>1995</year>
		<genre>Sports/Basketball</genre>
		<rating>AAMA - Green (Suitable For All Ages)</rating>
		<enabled>Yes</enabled>
	</game>
	<game name="dunkshot" index="" image="">
		<description>Dunk Shot (FD1089A 317-0022)</description>
		<cloneof></cloneof>
		<crc></crc>
		<manufacturer>Sega</manufacturer>
		<year>1986</year>
		<genre>Sports/Basketball</genre>
		<rating>AAMA - Green (Suitable For All Ages)</rating>
		<enabled>Yes</enabled>
	</game>
	<game name="fghtbskt" index="true" image="f">
		<description>Fighting Basketball</description>
		<cloneof></cloneof>
		<crc></crc>
		<manufacturer>Paradise Co. Ltd.</manufacturer>
		<year>1984</year>
		<genre>Sports/Basketball</genre>
		<rating>AAMA - Green (Suitable For All Ages)</rating>
		<enabled>Yes</enabled>
	</game>
	<game name="harddunkj" index="true" image="h">
		<description>Hard Dunk (Japan)</description>
		<cloneof>harddunk</cloneof>
		<crc></crc>
		<manufacturer>Sega</manufacturer>
		<year>1994</year>
		<genre>Sports/Basketball</genre>
		<rating>AAMA - Green (Suitable For All Ages)</rating>
		<enabled>Yes</enabled>
	</game>
	<game name="harddunk" index="" image="">
		<description>Hard Dunk (World)</description>
		<cloneof></cloneof>
		<crc></crc>
		<manufacturer>Sega</manufacturer>
		<year>1994</year>
		<genre>Sports/Basketball</genre>
		<rating>AAMA - Green (Suitable For All Ages)</rating>
		<enabled>Yes</enabled>
	</game>
	<game name="hoops96" index="" image="">
		<description>Hoops &apos;96 (Europe/Asia 2.0)</description>
		<cloneof></cloneof>
		<crc></crc>
		<manufacturer>Data East Corporation</manufacturer>
		<year>1996</year>
		<genre>Sports/Basketball</genre>
		<rating>AAMA - Green (Suitable For All Ages)</rating>
		<enabled>Yes</enabled>
	</game>
	<game name="hoops95" index="" image="">
		<description>Hoops (Europe/Asia 1.7)</description>
		<cloneof>hoops96</cloneof>
		<crc></crc>
		<manufacturer>Data East Corporation</manufacturer>
		<year>1995</year>
		<genre>Sports/Basketball</genre>
		<rating>AAMA - Green (Suitable For All Ages)</rating>
		<enabled>Yes</enabled>
	</game>
	<game name="jumpshot" index="true" image="j">
		<description>Jump Shot</description>
		<cloneof></cloneof>
		<crc></crc>
		<manufacturer>Bally Midway</manufacturer>
		<year>1985</year>
		<genre>Sports/Basketball</genre>
		<rating>AAMA - Green (Suitable For All Ages)</rating>
		<enabled>Yes</enabled>
	</game>
	<game name="jumpshotp" index="" image="">
		<description>Jump Shot Engineering Sample</description>
		<cloneof>jumpshot</cloneof>
		<crc></crc>
		<manufacturer>Bally Midway</manufacturer>
		<year>1985</year>
		<genre>Sports/Basketball</genre>
		<rating>AAMA - Green (Suitable For All Ages)</rating>
		<enabled>Yes</enabled>
	</game>
	<game name="ar_fast" index="true" image="m">
		<description>Magic Johnson&apos;s Fast Break (Arcadia, V 2.8)</description>
		<cloneof></cloneof>
		<crc></crc>
		<manufacturer>Arcadia Systems</manufacturer>
		<year>1988</year>
		<genre>Sports/Basketball</genre>
		<rating>AAMA - Green (Suitable For All Ages)</rating>
		<enabled>Yes</enabled>
	</game>
	<game name="nbahangt" index="true" image="n">
		<description>NBA Hangtime (rev L1.1 04/16/96)</description>
		<cloneof></cloneof>
		<crc></crc>
		<manufacturer>Midway</manufacturer>
		<year>1996</year>
		<genre>Sports/Basketball</genre>
		<rating>AAMA - Green (Suitable For All Ages)</rating>
		<enabled>Yes</enabled>
	</game>
	<game name="nbajamr2" index="" image="">
		<description>NBA Jam (rev 2.00 02/10/93)</description>
		<cloneof>nbajam</cloneof>
		<crc></crc>
		<manufacturer>Midway</manufacturer>
		<year>1993</year>
		<genre>Sports/Basketball</genre>
		<rating>AAMA - Green (Suitable For All Ages)</rating>
		<enabled>Yes</enabled>
	</game>
	<game name="nbajam" index="" image="">
		<description>NBA Jam (rev 3.01 04/07/93)</description>
		<cloneof></cloneof>
		<crc></crc>
		<manufacturer>Midway</manufacturer>
		<year>1993</year>
		<genre>Sports/Basketball</genre>
		<rating>AAMA - Green (Suitable For All Ages)</rating>
		<enabled>Yes</enabled>
	</game>
	<game name="nbajamtn" index="" image="">
		<description>NBA Jam T.E. Nani Edition (rev 5.2 8/11/95, prototype)</description>
		<cloneof>nbajamte</cloneof>
		<crc></crc>
		<manufacturer>Midway</manufacturer>
		<year>1995</year>
		<genre>Sports/Basketball</genre>
		<rating>AAMA - Green (Suitable For All Ages)</rating>
		<enabled>Yes</enabled>
	</game>
	<game name="nbajamt1" index="" image="">
		<description>NBA Jam TE (rev 1.0 01/17/94)</description>
		<cloneof>nbajamte</cloneof>
		<crc></crc>
		<manufacturer>Midway</manufacturer>
		<year>1994</year>
		<genre>Sports/Basketball</genre>
		<rating>AAMA - Green (Suitable For All Ages)</rating>
		<enabled>Yes</enabled>
	</game>
	<game name="nbajamt2" index="" image="">
		<description>NBA Jam TE (rev 2.0 01/28/94)</description>
		<cloneof>nbajamte</cloneof>
		<crc></crc>
		<manufacturer>Midway</manufacturer>
		<year>1994</year>
		<genre>Sports/Basketball</genre>
		<rating>AAMA - Green (Suitable For All Ages)</rating>
		<enabled>Yes</enabled>
	</game>
	<game name="nbajamt3" index="" image="">
		<description>NBA Jam TE (rev 3.0 03/04/94)</description>
		<cloneof>nbajamte</cloneof>
		<crc></crc>
		<manufacturer>Midway</manufacturer>
		<year>1994</year>
		<genre>Sports/Basketball</genre>
		<rating>AAMA - Green (Suitable For All Ages)</rating>
		<enabled>Yes</enabled>
	</game>
	<game name="nbajamte" index="" image="">
		<description>NBA Jam TE (rev 4.0 03/23/94)</description>
		<cloneof></cloneof>
		<crc></crc>
		<manufacturer>Midway</manufacturer>
		<year>1994</year>
		<genre>Sports/Basketball</genre>
		<rating>AAMA - Green (Suitable For All Ages)</rating>
		<enabled>Yes</enabled>
	</game>
	<game name="nbamht1" index="" image="">
		<description>NBA Maximum Hangtime (rev 1.0 11/08/96)</description>
		<cloneof>nbahangt</cloneof>
		<crc></crc>
		<manufacturer>Midway</manufacturer>
		<year>1996</year>
		<genre>Sports/Basketball</genre>
		<rating>AAMA - Green (Suitable For All Ages)</rating>
		<enabled>Yes</enabled>
	</game>
	<game name="nbamht" index="" image="">
		<description>NBA Maximum Hangtime (rev 1.03 06/09/97)</description>
		<cloneof>nbahangt</cloneof>
		<crc></crc>
		<manufacturer>Midway</manufacturer>
		<year>1996</year>
		<genre>Sports/Basketball</genre>
		<rating>AAMA - Green (Suitable For All Ages)</rating>
		<enabled>Yes</enabled>
	</game>
	<game name="nbapbp" index="" image="">
		<description>NBA Play By Play</description>
		<cloneof></cloneof>
		<crc></crc>
		<manufacturer>Konami</manufacturer>
		<year>1998</year>
		<genre>Sports/Basketball</genre>
		<rating>AAMA - Green (Suitable For All Ages)</rating>
		<enabled>Yes</enabled>
	</game>
	<game name="nss_ncaa" index="" image="">
		<description>NCAA Basketball (Nintendo Super System)</description>
		<cloneof></cloneof>
		<crc></crc>
		<manufacturer>Sculptured Software Inc.</manufacturer>
		<year>1992</year>
		<genre>Sports/Basketball</genre>
		<rating>AAMA - Green (Suitable For All Ages)</rating>
		<enabled>Yes</enabled>
	</game>
	<game name="punkshotj" index="true" image="p">
		<description>Punk Shot (Japan 2 Players)</description>
		<cloneof>punkshot</cloneof>
		<crc></crc>
		<manufacturer>Konami</manufacturer>
		<year>1990</year>
		<genre>Sports/Basketball</genre>
		<rating>AAMA - Green (Suitable For All Ages)</rating>
		<enabled>Yes</enabled>
	</game>
	<game name="punkshot2" index="" image="">
		<description>Punk Shot (US 2 Players)</description>
		<cloneof>punkshot</cloneof>
		<crc></crc>
		<manufacturer>Konami</manufacturer>
		<year>1990</year>
		<genre>Sports/Basketball</genre>
		<rating>AAMA - Green (Suitable For All Ages)</rating>
		<enabled>Yes</enabled>
	</game>
	<game name="punkshot" index="" image="">
		<description>Punk Shot (US 4 Players)</description>
		<cloneof></cloneof>
		<crc></crc>
		<manufacturer>Konami</manufacturer>
		<year>1990</year>
		<genre>Sports/Basketball</genre>
		<rating>AAMA - Green (Suitable For All Ages)</rating>
		<enabled>Yes</enabled>
	</game>
	<game name="rimrockn12" index="true" image="r">
		<description>Rim Rockin&apos; Basketball (V1.2)</description>
		<cloneof>rimrockn</cloneof>
		<crc></crc>
		<manufacturer>Strata/Incredible Technologies</manufacturer>
		<year>1991</year>
		<genre>Sports/Basketball</genre>
		<rating>AAMA - Green (Suitable For All Ages)</rating>
		<enabled>Yes</enabled>
	</game>
	<game name="rimrockn16" index="" image="">
		<description>Rim Rockin&apos; Basketball (V1.6)</description>
		<cloneof>rimrockn</cloneof>
		<crc></crc>
		<manufacturer>Strata/Incredible Technologies</manufacturer>
		<year>1991</year>
		<genre>Sports/Basketball</genre>
		<rating>AAMA - Green (Suitable For All Ages)</rating>
		<enabled>Yes</enabled>
	</game>
	<game name="rimrockn20" index="" image="">
		<description>Rim Rockin&apos; Basketball (V2.0)</description>
		<cloneof>rimrockn</cloneof>
		<crc></crc>
		<manufacturer>Strata/Incredible Technologies</manufacturer>
		<year>1991</year>
		<genre>Sports/Basketball</genre>
		<rating>AAMA - Green (Suitable For All Ages)</rating>
		<enabled>Yes</enabled>
	</game>
	<game name="rimrockn" index="" image="">
		<description>Rim Rockin&apos; Basketball (V2.2)</description>
		<cloneof></cloneof>
		<crc></crc>
		<manufacturer>Strata/Incredible Technologies</manufacturer>
		<year>1991</year>
		<genre>Sports/Basketball</genre>
		<rating>AAMA - Green (Suitable For All Ages)</rating>
		<enabled>Yes</enabled>
	</game>
	<game name="runguna" index="" image="">
		<description>Run and Gun (ver EAA 1993 10.4)</description>
		<cloneof>rungun</cloneof>
		<crc></crc>
		<manufacturer>Konami</manufacturer>
		<year>1993</year>
		<genre>Sports/Basketball</genre>
		<rating>AAMA - Green (Suitable For All Ages)</rating>
		<enabled>Yes</enabled>
	</game>
	<game name="rungun" index="" image="">
		<description>Run and Gun (ver EAA 1993 10.8)</description>
		<cloneof></cloneof>
		<crc></crc>
		<manufacturer>Konami</manufacturer>
		<year>1993</year>
		<genre>Sports/Basketball</genre>
		<rating>AAMA - Green (Suitable For All Ages)</rating>
		<enabled>Yes</enabled>
	</game>
	<game name="rungun2" index="" image="">
		<description>Run and Gun 2 (ver UAA)</description>
		<cloneof></cloneof>
		<crc></crc>
		<manufacturer>Konami</manufacturer>
		<year>1996</year>
		<genre>Sports/Basketball</genre>
		<rating>AAMA - Green (Suitable For All Ages)</rating>
		<enabled>Yes</enabled>
	</game>
	<game name="slmdunkj" index="true" image="s">
		<description>Slam Dunk (ver JAA 1993 10.8)</description>
		<cloneof>rungun</cloneof>
		<crc></crc>
		<manufacturer>Konami</manufacturer>
		<year>1993</year>
		<genre>Sports/Basketball</genre>
		<rating>AAMA - Green (Suitable For All Ages)</rating>
		<enabled>Yes</enabled>
	</game>
	<game name="slamdnk2" index="" image="">
		<description>Slam Dunk 2 (ver JAA)</description>
		<cloneof>rungun2</cloneof>
		<crc></crc>
		<manufacturer>Konami</manufacturer>
		<year>1996</year>
		<genre>Sports/Basketball</genre>
		<rating>AAMA - Green (Suitable For All Ages)</rating>
		<enabled>Yes</enabled>
	</game>
	<game name="strhoop" index="" image="">
		<description>Street Hoop / Street Slam / Dunk Dream (DEM-004) (DEH-004)</description>
		<cloneof></cloneof>
		<crc></crc>
		<manufacturer>Data East Corporation</manufacturer>
		<year>1994</year>
		<genre>Sports/Basketball</genre>
		<rating>AAMA - Green (Suitable For All Ages)</rating>
		<enabled>Yes</enabled>
	</game>
	<game name="sbaskete" index="" image="">
		<description>Super Basketball (version E, encrypted)</description>
		<cloneof>sbasketb</cloneof>
		<crc></crc>
		<manufacturer>Konami</manufacturer>
		<year>1984</year>
		<genre>Sports/Basketball</genre>
		<rating>AAMA - Green (Suitable For All Ages)</rating>
		<enabled>Yes</enabled>
	</game>
	<game name="sbasketg" index="" image="">
		<description>Super Basketball (version G, encrypted)</description>
		<cloneof>sbasketb</cloneof>
		<crc></crc>
		<manufacturer>Konami</manufacturer>
		<year>1984</year>
		<genre>Sports/Basketball</genre>
		<rating>AAMA - Green (Suitable For All Ages)</rating>
		<enabled>Yes</enabled>
	</game>
	<game name="sbasketh" index="" image="">
		<description>Super Basketball (version H, unprotected)</description>
		<cloneof>sbasketb</cloneof>
		<crc></crc>
		<manufacturer>Konami</manufacturer>
		<year>1984</year>
		<genre>Sports/Basketball</genre>
		<rating>AAMA - Green (Suitable For All Ages)</rating>
		<enabled>Yes</enabled>
	</game>
	<game name="sbasketb" index="" image="">
		<description>Super Basketball (version I, encrypted)</description>
		<cloneof></cloneof>
		<crc></crc>
		<manufacturer>Konami</manufacturer>
		<year>1984</year>
		<genre>Sports/Basketball</genre>
		<rating>AAMA - Green (Suitable For All Ages)</rating>
		<enabled>Yes</enabled>
	</game>
	<game name="mt_srbb" index="" image="">
		<description>Super Real Basketball (Mega-Tech)</description>
		<cloneof></cloneof>
		<crc></crc>
		<manufacturer>Sega</manufacturer>
		<year>1989</year>
		<genre>Sports/Basketball</genre>
		<rating>AAMA - Green (Suitable For All Ages)</rating>
		<enabled>Yes</enabled>
	</game>
	<game name="suprslam" index="" image="">
		<description>Super Slams</description>
		<cloneof></cloneof>
		<crc></crc>
		<manufacturer>Banpresto / Toei Animation</manufacturer>
		<year>1995</year>
		<genre>Sports/Basketball</genre>
		<rating>AAMA - Green (Suitable For All Ages)</rating>
		<enabled>Yes</enabled>
	</game>
</menu>