<?xml version="1.0"?>
<menu>
	<header>
		<listname>MAME</listname>
		<lastlistupdate>06/03/2012</lastlistupdate>
		<listversion>.146 Ongoing</listversion>
		<exporterversion>HyperList XML Exporter Version 1.3 Copywrite (c) 2009-2011 William Strong</exporterversion>
	</header>
	<game name="angelkds" index="true" image="a">
		<description>Angel Kids (Japan)</description>
		<cloneof></cloneof>
		<crc></crc>
		<manufacturer>Sega / Nasco?</manufacturer>
		<year>1988</year>
		<genre>Climbing</genre>
		<rating>AAMA - Green (Suitable For All Ages)</rating>
		<enabled>Yes</enabled>
	</game>
	<game name="ccboot" index="true" image="c">
		<description>Crazy Climber (bootleg set 1)</description>
		<cloneof>cclimber</cloneof>
		<crc></crc>
		<manufacturer>bootleg</manufacturer>
		<year>1980</year>
		<genre>Climbing</genre>
		<rating>AAMA - Green (Suitable For All Ages)</rating>
		<enabled>Yes</enabled>
	</game>
	<game name="ccboot2" index="" image="">
		<description>Crazy Climber (bootleg set 2)</description>
		<cloneof>cclimber</cloneof>
		<crc></crc>
		<manufacturer>bootleg</manufacturer>
		<year>1980</year>
		<genre>Climbing</genre>
		<rating>AAMA - Green (Suitable For All Ages)</rating>
		<enabled>Yes</enabled>
	</game>
	<game name="cclimberj" index="" image="">
		<description>Crazy Climber (Japan)</description>
		<cloneof>cclimber</cloneof>
		<crc></crc>
		<manufacturer>Nichibutsu</manufacturer>
		<year>1980</year>
		<genre>Climbing</genre>
		<rating>AAMA - Green (Suitable For All Ages)</rating>
		<enabled>Yes</enabled>
	</game>
	<game name="cclimber" index="" image="">
		<description>Crazy Climber (US)</description>
		<cloneof></cloneof>
		<crc></crc>
		<manufacturer>Nichibutsu</manufacturer>
		<year>1980</year>
		<genre>Climbing</genre>
		<rating>AAMA - Green (Suitable For All Ages)</rating>
		<enabled>Yes</enabled>
	</game>
	<game name="cclimbr2" index="" image="">
		<description>Crazy Climber 2 (Japan)</description>
		<cloneof></cloneof>
		<crc></crc>
		<manufacturer>Nichibutsu</manufacturer>
		<year>1988</year>
		<genre>Climbing</genre>
		<rating>AAMA - Green (Suitable For All Ages)</rating>
		<enabled>Yes</enabled>
	</game>
	<game name="cclimbr2a" index="" image="">
		<description>Crazy Climber 2 (Japan, Harder)</description>
		<cloneof>cclimbr2</cloneof>
		<crc></crc>
		<manufacturer>Nichibutsu</manufacturer>
		<year>1988</year>
		<genre>Climbing</genre>
		<rating>AAMA - Green (Suitable For All Ages)</rating>
		<enabled>Yes</enabled>
	</game>
	<game name="firetrapbl" index="true" image="f">
		<description>Fire Trap (Japan bootleg)</description>
		<cloneof>firetrap</cloneof>
		<crc></crc>
		<manufacturer>bootleg</manufacturer>
		<year>1986</year>
		<genre>Climbing</genre>
		<rating>AAMA - Green (Suitable For All Ages)</rating>
		<enabled>Yes</enabled>
	</game>
	<game name="firetrapj" index="" image="">
		<description>Fire Trap (Japan)</description>
		<cloneof>firetrap</cloneof>
		<crc></crc>
		<manufacturer>Wood Place Inc.</manufacturer>
		<year>1986</year>
		<genre>Climbing</genre>
		<rating>AAMA - Green (Suitable For All Ages)</rating>
		<enabled>Yes</enabled>
	</game>
	<game name="firetrap" index="" image="">
		<description>Fire Trap (US)</description>
		<cloneof></cloneof>
		<crc></crc>
		<manufacturer>Wood Place Inc. (Data East USA license)</manufacturer>
		<year>1986</year>
		<genre>Climbing</genre>
		<rating>AAMA - Green (Suitable For All Ages)</rating>
		<enabled>Yes</enabled>
	</game>
	<game name="jack" index="true" image="j">
		<description>Jack the Giantkiller (set 1)</description>
		<cloneof></cloneof>
		<crc></crc>
		<manufacturer>Cinematronics</manufacturer>
		<year>1982</year>
		<genre>Climbing</genre>
		<rating>AAMA - Green (Suitable For All Ages)</rating>
		<enabled>Yes</enabled>
	</game>
	<game name="jack2" index="" image="">
		<description>Jack the Giantkiller (set 2)</description>
		<cloneof>jack</cloneof>
		<crc></crc>
		<manufacturer>Cinematronics</manufacturer>
		<year>1982</year>
		<genre>Climbing</genre>
		<rating>AAMA - Green (Suitable For All Ages)</rating>
		<enabled>Yes</enabled>
	</game>
	<game name="jack3" index="" image="">
		<description>Jack the Giantkiller (set 3)</description>
		<cloneof>jack</cloneof>
		<crc></crc>
		<manufacturer>Cinematronics</manufacturer>
		<year>1982</year>
		<genre>Climbing</genre>
		<rating>AAMA - Green (Suitable For All Ages)</rating>
		<enabled>Yes</enabled>
	</game>
	<game name="nob" index="true" image="n">
		<description>Noboranka (Japan)</description>
		<cloneof></cloneof>
		<crc></crc>
		<manufacturer>Coreland / Data East Corporation</manufacturer>
		<year>1986</year>
		<genre>Climbing</genre>
		<rating>AAMA - Green (Suitable For All Ages)</rating>
		<enabled>Yes</enabled>
	</game>
	<game name="nobb" index="" image="">
		<description>Noboranka (Japan, bootleg)</description>
		<cloneof>nob</cloneof>
		<crc></crc>
		<manufacturer>bootleg (Game Electronics)</manufacturer>
		<year>1986</year>
		<genre>Climbing</genre>
		<rating>AAMA - Green (Suitable For All Ages)</rating>
		<enabled>Yes</enabled>
	</game>
	<game name="rockclim" index="true" image="r">
		<description>Rock Climber</description>
		<cloneof></cloneof>
		<crc></crc>
		<manufacturer>Taito</manufacturer>
		<year>1981</year>
		<genre>Climbing</genre>
		<rating>AAMA - Green (Suitable For All Ages)</rating>
		<enabled>Yes</enabled>
	</game>
	<game name="treahunt" index="true" image="t">
		<description>Treasure Hunt (bootleg?)</description>
		<cloneof>jack</cloneof>
		<crc></crc>
		<manufacturer>bootleg? (Hara Industries)</manufacturer>
		<year>1982</year>
		<genre>Climbing</genre>
		<rating>AAMA - Green (Suitable For All Ages)</rating>
		<enabled>Yes</enabled>
	</game>
</menu>