<?xml version="1.0"?>
<menu>
	<header>
		<listname>MAME</listname>
		<lastlistupdate>06/03/2012</lastlistupdate>
		<listversion>.146 Ongoing</listversion>
		<exporterversion>HyperList XML Exporter Version 1.3 Copywrite (c) 2009-2011 William Strong</exporterversion>
	</header>
	<game name="bassangl" index="true" image="b">
		<description>Bass Angler (GE765 VER. JAA)</description>
		<cloneof>fbaitbc</cloneof>
		<crc></crc>
		<manufacturer>Konami</manufacturer>
		<year>1998</year>
		<genre>Sports/Fishing</genre>
		<rating>AAMA - Green (Suitable For All Ages)</rating>
		<enabled>Yes</enabled>
	</game>
	<game name="bassang2" index="" image="">
		<description>Bass Angler 2 (GE865 VER. JAA)</description>
		<cloneof>fbait2bc</cloneof>
		<crc></crc>
		<manufacturer>Konami</manufacturer>
		<year>1998</year>
		<genre>Sports/Fishing</genre>
		<rating>AAMA - Green (Suitable For All Ages)</rating>
		<enabled>Yes</enabled>
	</game>
	<game name="fbaitbc" index="true" image="f">
		<description>Fisherman&apos;s Bait - A Bass Challenge (GE765 VER. UAB)</description>
		<cloneof></cloneof>
		<crc></crc>
		<manufacturer>Konami</manufacturer>
		<year>1998</year>
		<genre>Sports/Fishing</genre>
		<rating>AAMA - Green (Suitable For All Ages)</rating>
		<enabled>Yes</enabled>
	</game>
	<game name="fbaitmca" index="" image="">
		<description>Fisherman&apos;s Bait - Marlin Challenge (GX889 VER. AA)</description>
		<cloneof>fbaitmc</cloneof>
		<crc></crc>
		<manufacturer>Konami</manufacturer>
		<year>1999</year>
		<genre>Sports/Fishing</genre>
		<rating>AAMA - Green (Suitable For All Ages)</rating>
		<enabled>Yes</enabled>
	</game>
	<game name="fbaitmc" index="" image="">
		<description>Fisherman&apos;s Bait - Marlin Challenge (GX889 VER. EA)</description>
		<cloneof></cloneof>
		<crc></crc>
		<manufacturer>Konami</manufacturer>
		<year>1999</year>
		<genre>Sports/Fishing</genre>
		<rating>AAMA - Green (Suitable For All Ages)</rating>
		<enabled>Yes</enabled>
	</game>
	<game name="fbaitmcj" index="" image="">
		<description>Fisherman&apos;s Bait - Marlin Challenge (GX889 VER. JA)</description>
		<cloneof>fbaitmc</cloneof>
		<crc></crc>
		<manufacturer>Konami</manufacturer>
		<year>1999</year>
		<genre>Sports/Fishing</genre>
		<rating>AAMA - Green (Suitable For All Ages)</rating>
		<enabled>Yes</enabled>
	</game>
	<game name="fbaitmcu" index="" image="">
		<description>Fisherman&apos;s Bait - Marlin Challenge (GX889 VER. UA)</description>
		<cloneof>fbaitmc</cloneof>
		<crc></crc>
		<manufacturer>Konami</manufacturer>
		<year>1999</year>
		<genre>Sports/Fishing</genre>
		<rating>AAMA - Green (Suitable For All Ages)</rating>
		<enabled>Yes</enabled>
	</game>
	<game name="fbait2bc" index="" image="">
		<description>Fisherman&apos;s Bait 2 - A Bass Challenge (GE865 VER. UAB)</description>
		<cloneof></cloneof>
		<crc></crc>
		<manufacturer>Konami</manufacturer>
		<year>1998</year>
		<genre>Sports/Fishing</genre>
		<rating>AAMA - Green (Suitable For All Ages)</rating>
		<enabled>Yes</enabled>
	</game>
	<game name="fishfren" index="" image="">
		<description>Fishin&apos; Frenzy (prototype)</description>
		<cloneof></cloneof>
		<crc></crc>
		<manufacturer>Time Warner Interactive</manufacturer>
		<year>1995</year>
		<genre>Sports/Fishing</genre>
		<rating>AAMA - Green (Suitable For All Ages)</rating>
		<enabled>Yes</enabled>
	</game>
	<game name="fmaniac3" index="" image="">
		<description>Fishing Maniac 3</description>
		<cloneof></cloneof>
		<crc></crc>
		<manufacturer>Saero Entertainment</manufacturer>
		<year>2002</year>
		<genre>Sports/Fishing</genre>
		<rating>AAMA - Green (Suitable For All Ages)</rating>
		<enabled>Yes</enabled>
	</game>
	<game name="seabass" index="true" image="s">
		<description>Sea Bass Fishing (JUET 971110 V0.001)</description>
		<cloneof></cloneof>
		<crc></crc>
		<manufacturer>A wave inc. (Able license)</manufacturer>
		<year>1997</year>
		<genre>Sports/Fishing</genre>
		<rating>AAMA - Green (Suitable For All Ages)</rating>
		<enabled>Yes</enabled>
	</game>
</menu>