<?xml version="1.0"?>
<menu>
	<header>
		<listname>MAME</listname>
		<lastlistupdate>06/03/2012</lastlistupdate>
		<listversion>.146 Ongoing</listversion>
		<exporterversion>HyperList XML Exporter Version 1.3 Copywrite (c) 2009-2011 William Strong</exporterversion>
	</header>
	<game name="hvysmsha" index="true" image="h">
		<description>Heavy Smash (Asia version -4)</description>
		<cloneof>hvysmsh</cloneof>
		<crc></crc>
		<manufacturer>Data East Corporation</manufacturer>
		<year>1993</year>
		<genre>Sports/Handball</genre>
		<rating>AAMA - Green (Suitable For All Ages)</rating>
		<enabled>Yes</enabled>
	</game>
	<game name="hvysmsh" index="" image="">
		<description>Heavy Smash (Europe version -2)</description>
		<cloneof></cloneof>
		<crc></crc>
		<manufacturer>Data East Corporation</manufacturer>
		<year>1993</year>
		<genre>Sports/Handball</genre>
		<rating>AAMA - Green (Suitable For All Ages)</rating>
		<enabled>Yes</enabled>
	</game>
	<game name="hvysmshj" index="" image="">
		<description>Heavy Smash (Japan version -2)</description>
		<cloneof>hvysmsh</cloneof>
		<crc></crc>
		<manufacturer>Data East Corporation</manufacturer>
		<year>1993</year>
		<genre>Sports/Handball</genre>
		<rating>AAMA - Green (Suitable For All Ages)</rating>
		<enabled>Yes</enabled>
	</game>
</menu>