<?xml version="1.0"?>
<menu>
	<header>
		<listname>MAME</listname>
		<lastlistupdate>06/03/2012</lastlistupdate>
		<listversion>.146 Ongoing</listversion>
		<exporterversion>HyperList XML Exporter Version 1.3 Copywrite (c) 2009-2011 William Strong</exporterversion>
	</header>
	<game name="30test" index="true" image="3">
		<description>30 Test (Remake)</description>
		<cloneof></cloneof>
		<crc></crc>
		<manufacturer>Namco</manufacturer>
		<year>1997</year>
		<genre>Miscellaneous</genre>
		<rating>AAMA - Green (Suitable For All Ages)</rating>
		<enabled>Yes</enabled>
	</game>
	<game name="alienar" index="true" image="a">
		<description>Alien Arena</description>
		<cloneof></cloneof>
		<crc></crc>
		<manufacturer>Duncan Brown</manufacturer>
		<year>1985</year>
		<genre>Miscellaneous</genre>
		<rating>AAMA - Green (Suitable For All Ages)</rating>
		<enabled>Yes</enabled>
	</game>
	<game name="alienaru" index="" image="">
		<description>Alien Arena (Stargate upgrade)</description>
		<cloneof>alienar</cloneof>
		<crc></crc>
		<manufacturer>Duncan Brown</manufacturer>
		<year>1985</year>
		<genre>Miscellaneous</genre>
		<rating>AAMA - Green (Suitable For All Ages)</rating>
		<enabled>Yes</enabled>
	</game>
	<game name="animaljrs" index="" image="">
		<description>Animalandia Jr. (Spanish)</description>
		<cloneof>animaljr</cloneof>
		<crc></crc>
		<manufacturer>Nakanihon / East Technology (Taito license)</manufacturer>
		<year>1993</year>
		<genre>Miscellaneous</genre>
		<rating>AAMA - Green (Suitable For All Ages)</rating>
		<enabled>Yes</enabled>
	</game>
	<game name="beathead" index="true" image="b">
		<description>BeatHead (prototype)</description>
		<cloneof></cloneof>
		<crc></crc>
		<manufacturer>Atari Games</manufacturer>
		<year>1993</year>
		<genre>Miscellaneous</genre>
		<rating>AAMA - Green (Suitable For All Ages)</rating>
		<enabled>Yes</enabled>
	</game>
	<game name="boonggab" index="" image="">
		<description>Boong-Ga Boong-Ga (Spank&apos;em!)</description>
		<cloneof></cloneof>
		<crc></crc>
		<manufacturer>Taff System</manufacturer>
		<year>2001</year>
		<genre>Miscellaneous</genre>
		<rating>AAMA - Green (Suitable For All Ages)</rating>
		<enabled>Yes</enabled>
	</game>
	<game name="bubbles" index="" image="">
		<description>Bubbles</description>
		<cloneof></cloneof>
		<crc></crc>
		<manufacturer>Williams</manufacturer>
		<year>1982</year>
		<genre>Miscellaneous</genre>
		<rating>AAMA - Green (Suitable For All Ages)</rating>
		<enabled>Yes</enabled>
	</game>
	<game name="bubblesp" index="" image="">
		<description>Bubbles (prototype version)</description>
		<cloneof>bubbles</cloneof>
		<crc></crc>
		<manufacturer>Williams</manufacturer>
		<year>1982</year>
		<genre>Miscellaneous</genre>
		<rating>AAMA - Green (Suitable For All Ages)</rating>
		<enabled>Yes</enabled>
	</game>
	<game name="bubblesr" index="" image="">
		<description>Bubbles (Solid Red label)</description>
		<cloneof>bubbles</cloneof>
		<crc></crc>
		<manufacturer>Williams</manufacturer>
		<year>1982</year>
		<genre>Miscellaneous</genre>
		<rating>AAMA - Green (Suitable For All Ages)</rating>
		<enabled>Yes</enabled>
	</game>
	<game name="butasanj" index="" image="">
		<description>Butasan (Japan, Japanese)</description>
		<cloneof>butasan</cloneof>
		<crc></crc>
		<manufacturer>NMK (Jaleco license)</manufacturer>
		<year>1987</year>
		<genre>Miscellaneous</genre>
		<rating>AAMA - Green (Suitable For All Ages)</rating>
		<enabled>Yes</enabled>
	</game>
	<game name="butasan" index="" image="">
		<description>Butasan - Pig&apos;s &amp; Bomber&apos;s (Japan, English)</description>
		<cloneof></cloneof>
		<crc></crc>
		<manufacturer>NMK (Jaleco license)</manufacturer>
		<year>1987</year>
		<genre>Miscellaneous</genre>
		<rating>AAMA - Green (Suitable For All Ages)</rating>
		<enabled>Yes</enabled>
	</game>
	<game name="cball" index="true" image="c">
		<description>Cannonball (Atari, prototype)</description>
		<cloneof></cloneof>
		<crc></crc>
		<manufacturer>Atari</manufacturer>
		<year>1976</year>
		<genre>Miscellaneous</genre>
		<rating>AAMA - Green (Suitable For All Ages)</rating>
		<enabled>Yes</enabled>
	</game>
	<game name="cfarm" index="" image="">
		<description>Chicken Farm (Version 2.0)</description>
		<cloneof></cloneof>
		<crc></crc>
		<manufacturer>LAI Games</manufacturer>
		<year>1999</year>
		<genre>Miscellaneous</genre>
		<rating>AAMA - Green (Suitable For All Ages)</rating>
		<enabled>Yes</enabled>
	</game>
	<game name="critcrsh" index="" image="">
		<description>Critter Crusher (EA 951204 V1.000)</description>
		<cloneof></cloneof>
		<crc></crc>
		<manufacturer>Sega</manufacturer>
		<year>1995</year>
		<genre>Miscellaneous</genre>
		<rating>AAMA - Green (Suitable For All Ages)</rating>
		<enabled>Yes</enabled>
	</game>
	<game name="dotrone" index="true" image="d">
		<description>Discs of Tron (Environmental)</description>
		<cloneof>dotron</cloneof>
		<crc></crc>
		<manufacturer>Bally Midway</manufacturer>
		<year>1983</year>
		<genre>Miscellaneous</genre>
		<rating>AAMA - Green (Suitable For All Ages)</rating>
		<enabled>Yes</enabled>
	</game>
	<game name="dotrona" index="" image="">
		<description>Discs of Tron (Upright alternate)</description>
		<cloneof>dotron</cloneof>
		<crc></crc>
		<manufacturer>Bally Midway</manufacturer>
		<year>1983</year>
		<genre>Miscellaneous</genre>
		<rating>AAMA - Green (Suitable For All Ages)</rating>
		<enabled>Yes</enabled>
	</game>
	<game name="dotron" index="" image="">
		<description>Discs of Tron (Upright)</description>
		<cloneof></cloneof>
		<crc></crc>
		<manufacturer>Bally Midway</manufacturer>
		<year>1983</year>
		<genre>Miscellaneous</genre>
		<rating>AAMA - Green (Suitable For All Ages)</rating>
		<enabled>Yes</enabled>
	</game>
	<game name="diverboy" index="" image="">
		<description>Diver Boy</description>
		<cloneof></cloneof>
		<crc></crc>
		<manufacturer>Electronic Devices Italy</manufacturer>
		<year>1992</year>
		<genre>Miscellaneous</genre>
		<rating>AAMA - Green (Suitable For All Ages)</rating>
		<enabled>Yes</enabled>
	</game>
	<game name="domino" index="" image="">
		<description>Domino Man</description>
		<cloneof></cloneof>
		<crc></crc>
		<manufacturer>Bally Midway</manufacturer>
		<year>1982</year>
		<genre>Miscellaneous</genre>
		<rating>AAMA - Green (Suitable For All Ages)</rating>
		<enabled>Yes</enabled>
	</game>
	<game name="dynobop" index="" image="">
		<description>Dyno Bop</description>
		<cloneof></cloneof>
		<crc></crc>
		<manufacturer>Grand Products/Incredible Technologies</manufacturer>
		<year>1990</year>
		<genre>Miscellaneous</genre>
		<rating>AAMA - Green (Suitable For All Ages)</rating>
		<enabled>Yes</enabled>
	</game>
	<game name="ejihon" index="true" image="e">
		<description>Ejihon Tantei Jimusyo (J 950613 V1.000)</description>
		<cloneof></cloneof>
		<crc></crc>
		<manufacturer>Sega</manufacturer>
		<year>1995</year>
		<genre>Miscellaneous</genre>
		<rating>AAMA - Green (Suitable For All Ages)</rating>
		<enabled>Yes</enabled>
	</game>
	<game name="animaljr" index="" image="">
		<description>Exciting Animal Land Jr. (USA)</description>
		<cloneof></cloneof>
		<crc></crc>
		<manufacturer>Nakanihon / East Technology (Taito license)</manufacturer>
		<year>1993</year>
		<genre>Miscellaneous</genre>
		<rating>AAMA - Green (Suitable For All Ages)</rating>
		<enabled>Yes</enabled>
	</game>
	<game name="fantasyj" index="true" image="f">
		<description>Fantasy (Japan)</description>
		<cloneof>fantasy</cloneof>
		<crc></crc>
		<manufacturer>SNK</manufacturer>
		<year>1981</year>
		<genre>Miscellaneous</genre>
		<rating>AAMA - Green (Suitable For All Ages)</rating>
		<enabled>Yes</enabled>
	</game>
	<game name="fantasyu" index="" image="">
		<description>Fantasy (US)</description>
		<cloneof>fantasy</cloneof>
		<crc></crc>
		<manufacturer>SNK (Rock-Ola license)</manufacturer>
		<year>1981</year>
		<genre>Miscellaneous</genre>
		<rating>AAMA - Green (Suitable For All Ages)</rating>
		<enabled>Yes</enabled>
	</game>
	<game name="fantasy" index="" image="">
		<description>Fantasy (World)</description>
		<cloneof></cloneof>
		<crc></crc>
		<manufacturer>SNK</manufacturer>
		<year>1981</year>
		<genre>Miscellaneous</genre>
		<rating>AAMA - Green (Suitable For All Ages)</rating>
		<enabled>Yes</enabled>
	</game>
	<game name="frogs" index="" image="">
		<description>Frogs</description>
		<cloneof></cloneof>
		<crc></crc>
		<manufacturer>Gremlin</manufacturer>
		<year>1978</year>
		<genre>Miscellaneous</genre>
		<rating>AAMA - Green (Suitable For All Ages)</rating>
		<enabled>Yes</enabled>
	</game>
	<game name="gangonta" index="true" image="g">
		<description>Ganbare! Gonta!! 2 / Party Time: Gonta the Diver II (Japan Release)</description>
		<cloneof>prtytime</cloneof>
		<crc></crc>
		<manufacturer>Mitchell</manufacturer>
		<year>1995</year>
		<genre>Miscellaneous</genre>
		<rating>AAMA - Red (Sexual Content Strong)</rating>
		<enabled>Yes</enabled>
	</game>
	<game name="sgladiat" index="" image="">
		<description>Gladiator 1984</description>
		<cloneof></cloneof>
		<crc></crc>
		<manufacturer>SNK</manufacturer>
		<year>1984</year>
		<genre>Miscellaneous</genre>
		<rating>AAMA - Green (Suitable For All Ages)</rating>
		<enabled>Yes</enabled>
	</game>
	<game name="golgo13" index="" image="">
		<description>Golgo 13 (Japan, GLG1/VER.A)</description>
		<cloneof></cloneof>
		<crc></crc>
		<manufacturer>Eighting / Raizing / Namco</manufacturer>
		<year>1999</year>
		<genre>Miscellaneous</genre>
		<rating>AAMA - Red (Life Like Violence Strong)</rating>
		<enabled>Yes</enabled>
	</game>
	<game name="hammer" index="true" image="h">
		<description>Hammer</description>
		<cloneof></cloneof>
		<crc></crc>
		<manufacturer>Andamiro</manufacturer>
		<year>2000</year>
		<genre>Miscellaneous</genre>
		<rating>AAMA - Green (Suitable For All Ages)</rating>
		<enabled>Yes</enabled>
	</game>
	<game name="itazuram" index="true" image="i">
		<description>Itazura Monkey</description>
		<cloneof></cloneof>
		<crc></crc>
		<manufacturer>Sammy</manufacturer>
		<year>2000</year>
		<genre>Miscellaneous</genre>
		<rating>AAMA - Green (Suitable For All Ages)</rating>
		<enabled>Yes</enabled>
	</game>
	<game name="kaitei" index="true" image="k">
		<description>Kaitei Takara Sagashi</description>
		<cloneof></cloneof>
		<crc></crc>
		<manufacturer>K.K. Tokki</manufacturer>
		<year>1980</year>
		<genre>Miscellaneous</genre>
		<rating>AAMA - Green (Suitable For All Ages)</rating>
		<enabled>Yes</enabled>
	</game>
	<game name="kaitein" index="" image="">
		<description>Kaitei Takara Sagashi (Namco license)</description>
		<cloneof>kaitei</cloneof>
		<crc></crc>
		<manufacturer>K.K. Tokki (Namco license)</manufacturer>
		<year>1980</year>
		<genre>Miscellaneous</genre>
		<rating>AAMA - Green (Suitable For All Ages)</rating>
		<enabled>Yes</enabled>
	</game>
	<game name="keroppi" index="" image="">
		<description>Kero Kero Keroppi no Issyoni Asobou (Japan)</description>
		<cloneof></cloneof>
		<crc></crc>
		<manufacturer>Sammy Industries</manufacturer>
		<year>1993</year>
		<genre>Miscellaneous</genre>
		<rating>AAMA - Green (Suitable For All Ages)</rating>
		<enabled>Yes</enabled>
	</game>
	<game name="kngtmare" index="" image="">
		<description>Knightmare (prototype)</description>
		<cloneof></cloneof>
		<crc></crc>
		<manufacturer>Gottlieb</manufacturer>
		<year>1983</year>
		<genre>Miscellaneous</genre>
		<rating>AAMA - Green (Suitable For All Ages)</rating>
		<enabled>Yes</enabled>
	</game>
	<game name="kungfur" index="" image="">
		<description>Kung-Fu Roushi</description>
		<cloneof></cloneof>
		<crc></crc>
		<manufacturer>Namco</manufacturer>
		<year>1987</year>
		<genre>Miscellaneous</genre>
		<rating>AAMA - Green (Suitable For All Ages)</rating>
		<enabled>Yes</enabled>
	</game>
	<game name="ladykill" index="true" image="l">
		<description>Lady Killer</description>
		<cloneof></cloneof>
		<crc></crc>
		<manufacturer>Yanyaka (Mitchell license)</manufacturer>
		<year>1993</year>
		<genre>Miscellaneous</genre>
		<rating>AAMA - Red (Sexual Content Strong)</rating>
		<enabled>Yes</enabled>
	</game>
	<game name="lasso" index="" image="">
		<description>Lasso</description>
		<cloneof></cloneof>
		<crc></crc>
		<manufacturer>SNK</manufacturer>
		<year>1982</year>
		<genre>Miscellaneous</genre>
		<rating>AAMA - Green (Suitable For All Ages)</rating>
		<enabled>Yes</enabled>
	</game>
	<game name="leprechn" index="" image="">
		<description>Leprechaun</description>
		<cloneof></cloneof>
		<crc></crc>
		<manufacturer>Tong Electronic</manufacturer>
		<year>1982</year>
		<genre>Miscellaneous</genre>
		<rating>AAMA - Green (Suitable For All Ages)</rating>
		<enabled>Yes</enabled>
	</game>
	<game name="leprechp" index="" image="">
		<description>Leprechaun (Pacific)</description>
		<cloneof>leprechn</cloneof>
		<crc></crc>
		<manufacturer>Tong Electronic (Pacific Polytechnical license)</manufacturer>
		<year>1982</year>
		<genre>Miscellaneous</genre>
		<rating>AAMA - Green (Suitable For All Ages)</rating>
		<enabled>Yes</enabled>
	</game>
	<game name="liblrabl" index="" image="">
		<description>Libble Rabble</description>
		<cloneof></cloneof>
		<crc></crc>
		<manufacturer>Namco</manufacturer>
		<year>1983</year>
		<genre>Miscellaneous</genre>
		<rating>AAMA - Green (Suitable For All Ages)</rating>
		<enabled>Yes</enabled>
	</game>
	<game name="llander1" index="" image="">
		<description>Lunar Lander (rev 1)</description>
		<cloneof>llander</cloneof>
		<crc></crc>
		<manufacturer>Atari</manufacturer>
		<year>1979</year>
		<genre>Miscellaneous</genre>
		<rating>AAMA - Green (Suitable For All Ages)</rating>
		<enabled>Yes</enabled>
	</game>
	<game name="llander" index="" image="">
		<description>Lunar Lander (rev 2)</description>
		<cloneof></cloneof>
		<crc></crc>
		<manufacturer>Atari</manufacturer>
		<year>1979</year>
		<genre>Miscellaneous</genre>
		<rating>AAMA - Green (Suitable For All Ages)</rating>
		<enabled>Yes</enabled>
	</game>
	<game name="marineb" index="true" image="m">
		<description>Marine Boy</description>
		<cloneof></cloneof>
		<crc></crc>
		<manufacturer>Orca</manufacturer>
		<year>1982</year>
		<genre>Miscellaneous</genre>
		<rating>AAMA - Green (Suitable For All Ages)</rating>
		<enabled>Yes</enabled>
	</game>
	<game name="meosism" index="" image="">
		<description>Meosis Magic (Japan)</description>
		<cloneof></cloneof>
		<crc></crc>
		<manufacturer>Sammy</manufacturer>
		<year>1996?</year>
		<genre>Miscellaneous</genre>
		<rating>AAMA - Green (Suitable For All Ages)</rating>
		<enabled>Yes</enabled>
	</game>
	<game name="mikie" index="" image="">
		<description>Mikie</description>
		<cloneof></cloneof>
		<crc></crc>
		<manufacturer>Konami</manufacturer>
		<year>1984</year>
		<genre>Miscellaneous</genre>
		<rating>AAMA - Green (Suitable For All Ages)</rating>
		<enabled>Yes</enabled>
	</game>
	<game name="mikiehs" index="" image="">
		<description>Mikie (High School Graffiti)</description>
		<cloneof>mikie</cloneof>
		<crc></crc>
		<manufacturer>Konami</manufacturer>
		<year>1984</year>
		<genre>Miscellaneous</genre>
		<rating>AAMA - Green (Suitable For All Ages)</rating>
		<enabled>Yes</enabled>
	</game>
	<game name="moegonta" index="" image="">
		<description>Moeyo Gonta!! (Japan)</description>
		<cloneof>ladykill</cloneof>
		<crc></crc>
		<manufacturer>Yanyaka</manufacturer>
		<year>1993</year>
		<genre>Miscellaneous</genre>
		<rating>AAMA - Red (Sexual Content Strong)</rating>
		<enabled>Yes</enabled>
	</game>
	<game name="mogura" index="" image="">
		<description>Mogura Desse (Japan)</description>
		<cloneof></cloneof>
		<crc></crc>
		<manufacturer>Konami</manufacturer>
		<year>1991</year>
		<genre>Miscellaneous</genre>
		<rating>AAMA - Green (Suitable For All Ages)</rating>
		<enabled>Yes</enabled>
	</game>
	<game name="mole" index="" image="">
		<description>Mole Attack</description>
		<cloneof></cloneof>
		<crc></crc>
		<manufacturer>Yachiyo Electronics, Ltd.</manufacturer>
		<year>1982</year>
		<genre>Miscellaneous</genre>
		<rating>AAMA - Green (Suitable For All Ages)</rating>
		<enabled>Yes</enabled>
	</game>
	<game name="mmpanic" index="" image="">
		<description>Monkey Mole Panic (USA)</description>
		<cloneof></cloneof>
		<crc></crc>
		<manufacturer>Nakanihon / East Technology (Taito license)</manufacturer>
		<year>1992</year>
		<genre>Miscellaneous</genre>
		<rating>AAMA - Green (Suitable For All Ages)</rating>
		<enabled>Yes</enabled>
	</game>
	<game name="paintlad" index="true" image="p">
		<description>Painted Lady (Splash) (Ver. 1.3 US)</description>
		<cloneof>splash</cloneof>
		<crc></crc>
		<manufacturer>Gaelco</manufacturer>
		<year>1992</year>
		<genre>Miscellaneous</genre>
		<rating>AAMA - Red (Sexual Content Strong)</rating>
		<enabled>Yes</enabled>
	</game>
	<game name="paprazzi" index="" image="">
		<description>Paparazzi</description>
		<cloneof></cloneof>
		<crc></crc>
		<manufacturer>Yun Sung</manufacturer>
		<year>1996</year>
		<genre>Miscellaneous</genre>
		<rating>AAMA - Red (Sexual Content Strong)</rating>
		<enabled>Yes</enabled>
	</game>
	<game name="paperboyr1" index="" image="">
		<description>Paperboy (rev 1)</description>
		<cloneof>paperboy</cloneof>
		<crc></crc>
		<manufacturer>Atari Games</manufacturer>
		<year>1984</year>
		<genre>Miscellaneous</genre>
		<rating>AAMA - Green (Suitable For All Ages)</rating>
		<enabled>Yes</enabled>
	</game>
	<game name="paperboyr2" index="" image="">
		<description>Paperboy (rev 2)</description>
		<cloneof>paperboy</cloneof>
		<crc></crc>
		<manufacturer>Atari Games</manufacturer>
		<year>1984</year>
		<genre>Miscellaneous</genre>
		<rating>AAMA - Green (Suitable For All Ages)</rating>
		<enabled>Yes</enabled>
	</game>
	<game name="paperboy" index="" image="">
		<description>Paperboy (rev 3)</description>
		<cloneof></cloneof>
		<crc></crc>
		<manufacturer>Atari Games</manufacturer>
		<year>1984</year>
		<genre>Miscellaneous</genre>
		<rating>AAMA - Green (Suitable For All Ages)</rating>
		<enabled>Yes</enabled>
	</game>
	<game name="prtytime" index="" image="">
		<description>Party Time: Gonta the Diver II / Ganbare! Gonta!! 2 (World Release)</description>
		<cloneof></cloneof>
		<crc></crc>
		<manufacturer>Mitchell</manufacturer>
		<year>1995</year>
		<genre>Miscellaneous</genre>
		<rating>AAMA - Red (Sexual Content Strong)</rating>
		<enabled>Yes</enabled>
	</game>
	<game name="pballoon" index="" image="">
		<description>Pioneer Balloon</description>
		<cloneof></cloneof>
		<crc></crc>
		<manufacturer>SNK</manufacturer>
		<year>1982</year>
		<genre>Miscellaneous</genre>
		<rating>AAMA - Green (Suitable For All Ages)</rating>
		<enabled>Yes</enabled>
	</game>
	<game name="pballoonr" index="" image="">
		<description>Pioneer Balloon (Rock-Ola license)</description>
		<cloneof>pballoon</cloneof>
		<crc></crc>
		<manufacturer>SNK (Rock-Ola license)</manufacturer>
		<year>1982</year>
		<genre>Miscellaneous</genre>
		<rating>AAMA - Green (Suitable For All Ages)</rating>
		<enabled>Yes</enabled>
	</game>
	<game name="piratetr" index="" image="">
		<description>Pirate Treasure</description>
		<cloneof></cloneof>
		<crc></crc>
		<manufacturer>Tong Electronic</manufacturer>
		<year>1982</year>
		<genre>Miscellaneous</genre>
		<rating>AAMA - Green (Suitable For All Ages)</rating>
		<enabled>Yes</enabled>
	</game>
	<game name="pkscram" index="" image="">
		<description>PK Scramble</description>
		<cloneof></cloneof>
		<crc></crc>
		<manufacturer>Cosmo Electronics Corporation</manufacturer>
		<year>1993</year>
		<genre>Miscellaneous</genre>
		<rating>AAMA - Green (Suitable For All Ages)</rating>
		<enabled>Yes</enabled>
	</game>
	<game name="portrait" index="" image="">
		<description>Portraits (set 1)</description>
		<cloneof></cloneof>
		<crc></crc>
		<manufacturer>Olympia</manufacturer>
		<year>1983</year>
		<genre>Miscellaneous</genre>
		<rating>AAMA - Green (Suitable For All Ages)</rating>
		<enabled>Yes</enabled>
	</game>
	<game name="portraita" index="" image="">
		<description>Portraits (set 2)</description>
		<cloneof>portrait</cloneof>
		<crc></crc>
		<manufacturer>Olympia</manufacturer>
		<year>1983</year>
		<genre>Miscellaneous</genre>
		<rating>AAMA - Green (Suitable For All Ages)</rating>
		<enabled>Yes</enabled>
	</game>
	<game name="potogold" index="" image="">
		<description>Pot of Gold</description>
		<cloneof>leprechn</cloneof>
		<crc></crc>
		<manufacturer>Tong Electronic (Game Plan license)</manufacturer>
		<year>1982</year>
		<genre>Miscellaneous</genre>
		<rating>AAMA - Green (Suitable For All Ages)</rating>
		<enabled>Yes</enabled>
	</game>
	<game name="propcycl" index="" image="">
		<description>Prop Cycle (Rev. PR2 Ver.A)</description>
		<cloneof></cloneof>
		<crc></crc>
		<manufacturer>Namco</manufacturer>
		<year>1996</year>
		<genre>Miscellaneous</genre>
		<rating>AAMA - Green (Suitable For All Ages)</rating>
		<enabled>Yes</enabled>
	</game>
	<game name="pyenaget" index="" image="">
		<description>Pye-nage Taikai</description>
		<cloneof></cloneof>
		<crc></crc>
		<manufacturer>Sammy</manufacturer>
		<year>2000</year>
		<genre>Miscellaneous</genre>
		<rating>AAMA - Green (Suitable For All Ages)</rating>
		<enabled>Yes</enabled>
	</game>
	<game name="qbtrktst" index="true" image="q">
		<description>Q*bert Board Input Test Rom</description>
		<cloneof>qbert</cloneof>
		<crc></crc>
		<manufacturer>Gottlieb</manufacturer>
		<year>1982</year>
		<genre>Miscellaneous</genre>
		<rating>AAMA - Green (Suitable For All Ages)</rating>
		<enabled>Yes</enabled>
	</game>
	<game name="quantump" index="" image="">
		<description>Quantum (prototype)</description>
		<cloneof>quantum</cloneof>
		<crc></crc>
		<manufacturer>General Computer Corporation (Atari license)</manufacturer>
		<year>1982</year>
		<genre>Miscellaneous</genre>
		<rating>AAMA - Green (Suitable For All Ages)</rating>
		<enabled>Yes</enabled>
	</game>
	<game name="quantum1" index="" image="">
		<description>Quantum (rev 1)</description>
		<cloneof>quantum</cloneof>
		<crc></crc>
		<manufacturer>General Computer Corporation (Atari license)</manufacturer>
		<year>1982</year>
		<genre>Miscellaneous</genre>
		<rating>AAMA - Green (Suitable For All Ages)</rating>
		<enabled>Yes</enabled>
	</game>
	<game name="quantum" index="" image="">
		<description>Quantum (rev 2)</description>
		<cloneof></cloneof>
		<crc></crc>
		<manufacturer>General Computer Corporation (Atari license)</manufacturer>
		<year>1982</year>
		<genre>Miscellaneous</genre>
		<rating>AAMA - Green (Suitable For All Ages)</rating>
		<enabled>Yes</enabled>
	</game>
	<game name="reactor" index="true" image="r">
		<description>Reactor</description>
		<cloneof></cloneof>
		<crc></crc>
		<manufacturer>Gottlieb</manufacturer>
		<year>1982</year>
		<genre>Miscellaneous</genre>
		<rating>AAMA - Green (Suitable For All Ages)</rating>
		<enabled>Yes</enabled>
	</game>
	<game name="scudhamm" index="true" image="s">
		<description>Scud Hammer</description>
		<cloneof></cloneof>
		<crc></crc>
		<manufacturer>Jaleco</manufacturer>
		<year>1994</year>
		<genre>Miscellaneous</genre>
		<rating>AAMA - Green (Suitable For All Ages)</rating>
		<enabled>Yes</enabled>
	</game>
	<game name="ssfindo" index="" image="">
		<description>See See Find Out</description>
		<cloneof></cloneof>
		<crc></crc>
		<manufacturer>Icarus</manufacturer>
		<year>1999</year>
		<genre>Miscellaneous</genre>
		<rating>AAMA - Green (Suitable For All Ages)</rating>
		<enabled>Yes</enabled>
	</game>
	<game name="sentetst" index="" image="">
		<description>Sente Diagnostic Cartridge</description>
		<cloneof></cloneof>
		<crc></crc>
		<manufacturer>Bally/Sente</manufacturer>
		<year>1984</year>
		<genre>Miscellaneous</genre>
		<rating>AAMA - Green (Suitable For All Ages)</rating>
		<enabled>Yes</enabled>
	</game>
	<game name="sharkatt" index="" image="">
		<description>Shark Attack</description>
		<cloneof></cloneof>
		<crc></crc>
		<manufacturer>Pacific Novelty</manufacturer>
		<year>1980</year>
		<genre>Miscellaneous</genre>
		<rating>AAMA - Green (Suitable For All Ages)</rating>
		<enabled>Yes</enabled>
	</game>
	<game name="mikiej" index="" image="">
		<description>Shinnyuushain Tooru-kun</description>
		<cloneof>mikie</cloneof>
		<crc></crc>
		<manufacturer>Konami</manufacturer>
		<year>1984</year>
		<genre>Miscellaneous</genre>
		<rating>AAMA - Green (Suitable For All Ages)</rating>
		<enabled>Yes</enabled>
	</game>
	<game name="snapjack" index="" image="">
		<description>Snap Jack</description>
		<cloneof></cloneof>
		<crc></crc>
		<manufacturer>Universal</manufacturer>
		<year>1982</year>
		<genre>Miscellaneous</genre>
		<rating>AAMA - Green (Suitable For All Ages)</rating>
		<enabled>Yes</enabled>
	</game>
	<game name="sbm" index="" image="">
		<description>Sonic Blast Man (Japan)</description>
		<cloneof></cloneof>
		<crc></crc>
		<manufacturer>Taito Corporation</manufacturer>
		<year>1990</year>
		<genre>Miscellaneous</genre>
		<rating>AAMA - Green (Suitable For All Ages)</rating>
		<enabled>Yes</enabled>
	</game>
	<game name="splash10" index="" image="">
		<description>Splash! (Ver. 1.0 World)</description>
		<cloneof>splash</cloneof>
		<crc></crc>
		<manufacturer>Gaelco</manufacturer>
		<year>1992</year>
		<genre>Miscellaneous</genre>
		<rating>AAMA - Red (Sexual Content Strong)</rating>
		<enabled>Yes</enabled>
	</game>
	<game name="splash" index="" image="">
		<description>Splash! (Ver. 1.2 World)</description>
		<cloneof></cloneof>
		<crc></crc>
		<manufacturer>Gaelco</manufacturer>
		<year>1992</year>
		<genre>Miscellaneous</genre>
		<rating>AAMA - Red (Sexual Content Strong)</rating>
		<enabled>Yes</enabled>
	</game>
	<game name="stompin" index="" image="">
		<description>Stompin&apos; (4/4/86)</description>
		<cloneof></cloneof>
		<crc></crc>
		<manufacturer>Bally/Sente</manufacturer>
		<year>1986</year>
		<genre>Miscellaneous</genre>
		<rating>AAMA - Green (Suitable For All Ages)</rating>
		<enabled>Yes</enabled>
	</game>
	<game name="sundance" index="" image="">
		<description>Sundance</description>
		<cloneof></cloneof>
		<crc></crc>
		<manufacturer>Cinematronics</manufacturer>
		<year>1979</year>
		<genre>Miscellaneous</genre>
		<rating>AAMA - Green (Suitable For All Ages)</rating>
		<enabled>Yes</enabled>
	</game>
	<game name="suprloco" index="" image="">
		<description>Super Locomotive</description>
		<cloneof></cloneof>
		<crc></crc>
		<manufacturer>Sega</manufacturer>
		<year>1982</year>
		<genre>Miscellaneous</genre>
		<rating>AAMA - Green (Suitable For All Ages)</rating>
		<enabled>Yes</enabled>
	</game>
	<game name="suprlocoa" index="" image="">
		<description>Super Locomotive (Rev.A)</description>
		<cloneof>suprloco</cloneof>
		<crc></crc>
		<manufacturer>Sega</manufacturer>
		<year>1982</year>
		<genre>Miscellaneous</genre>
		<rating>AAMA - Green (Suitable For All Ages)</rating>
		<enabled>Yes</enabled>
	</game>
	<game name="tdoboon" index="true" image="t">
		<description>Taihou de Doboon</description>
		<cloneof></cloneof>
		<crc></crc>
		<manufacturer>Sammy</manufacturer>
		<year>2000</year>
		<genre>Miscellaneous</genre>
		<rating>AAMA - Green (Suitable For All Ages)</rating>
		<enabled>Yes</enabled>
	</game>
	<game name="tapper" index="" image="">
		<description>Tapper (Budweiser, set 1)</description>
		<cloneof></cloneof>
		<crc></crc>
		<manufacturer>Bally Midway</manufacturer>
		<year>1983</year>
		<genre>Miscellaneous</genre>
		<rating>AAMA - Green (Suitable For All Ages)</rating>
		<enabled>Yes</enabled>
	</game>
	<game name="tappera" index="" image="">
		<description>Tapper (Budweiser, set 2)</description>
		<cloneof>tapper</cloneof>
		<crc></crc>
		<manufacturer>Bally Midway</manufacturer>
		<year>1983</year>
		<genre>Miscellaneous</genre>
		<rating>AAMA - Green (Suitable For All Ages)</rating>
		<enabled>Yes</enabled>
	</game>
	<game name="rbtapper" index="" image="">
		<description>Tapper (Root Beer)</description>
		<cloneof>tapper</cloneof>
		<crc></crc>
		<manufacturer>Bally Midway</manufacturer>
		<year>1984</year>
		<genre>Miscellaneous</genre>
		<rating>AAMA - Green (Suitable For All Ages)</rating>
		<enabled>Yes</enabled>
	</game>
	<game name="sutapper" index="" image="">
		<description>Tapper (Suntory)</description>
		<cloneof>tapper</cloneof>
		<crc></crc>
		<manufacturer>Bally Midway</manufacturer>
		<year>1983</year>
		<genre>Miscellaneous</genre>
		<rating>AAMA - Green (Suitable For All Ages)</rating>
		<enabled>Yes</enabled>
	</game>
	<game name="tgtpanic" index="" image="">
		<description>Target Panic</description>
		<cloneof></cloneof>
		<crc></crc>
		<manufacturer>Konami</manufacturer>
		<year>1996</year>
		<genre>Miscellaneous</genre>
		<rating>AAMA - Green (Suitable For All Ages)</rating>
		<enabled>Yes</enabled>
	</game>
	<game name="ctsttape" index="" image="">
		<description>Test Tape (DECO Cassette)</description>
		<cloneof></cloneof>
		<crc></crc>
		<manufacturer>Data East Corporation</manufacturer>
		<year>1981</year>
		<genre>Miscellaneous</genre>
		<rating>AAMA - Green (Suitable For All Ages)</rating>
		<enabled>Yes</enabled>
	</game>
	<game name="timber" index="" image="">
		<description>Timber</description>
		<cloneof></cloneof>
		<crc></crc>
		<manufacturer>Bally Midway</manufacturer>
		<year>1984</year>
		<genre>Miscellaneous</genre>
		<rating>AAMA - Green (Suitable For All Ages)</rating>
		<enabled>Yes</enabled>
	</game>
	<game name="topshoot" index="" image="">
		<description>Top Shooter</description>
		<cloneof></cloneof>
		<crc></crc>
		<manufacturer>Sun Mixing</manufacturer>
		<year>1995</year>
		<genre>Miscellaneous</genre>
		<rating>AAMA - Green (Suitable For All Ages)</rating>
		<enabled>Yes</enabled>
	</game>
	<game name="ucytokyu" index="true" image="u">
		<description>Uchuu Tokkyuu Medalian</description>
		<cloneof></cloneof>
		<crc></crc>
		<manufacturer>Sigma</manufacturer>
		<year>1997</year>
		<genre>Miscellaneous</genre>
		<rating>AAMA - Green (Suitable For All Ages)</rating>
		<enabled>Yes</enabled>
	</game>
	<game name="animaljrj" index="true" image="w">
		<description>Waiwai Animal Land Jr. (Japan)</description>
		<cloneof>animaljr</cloneof>
		<crc></crc>
		<manufacturer>Nakanihon / East Technology (Taito license)</manufacturer>
		<year>1993</year>
		<genre>Miscellaneous</genre>
		<rating>AAMA - Green (Suitable For All Ages)</rating>
		<enabled>Yes</enabled>
	</game>
	<game name="xtheball" index="true" image="x">
		<description>X the Ball</description>
		<cloneof></cloneof>
		<crc></crc>
		<manufacturer>Rare</manufacturer>
		<year>1991</year>
		<genre>Miscellaneous</genre>
		<rating>AAMA - Green (Suitable For All Ages)</rating>
		<enabled>Yes</enabled>
	</game>
	<game name="xday2" index="" image="">
		<description>X-Day 2 (Japan)</description>
		<cloneof></cloneof>
		<crc></crc>
		<manufacturer>Namco</manufacturer>
		<year>1995</year>
		<genre>Miscellaneous</genre>
		<rating>AAMA - Green (Suitable For All Ages)</rating>
		<enabled>Yes</enabled>
	</game>
</menu>