<?xml version="1.0"?>
<menu>
	<header>
		<listname>MAME</listname>
		<lastlistupdate>06/03/2012</lastlistupdate>
		<listversion>.146 Ongoing</listversion>
		<exporterversion>HyperList XML Exporter Version 1.3 Copywrite (c) 2009-2011 William Strong</exporterversion>
	</header>
	<game name="bm1stmix" index="true" image="b">
		<description>beatmania (ver JA-B)</description>
		<cloneof></cloneof>
		<crc></crc>
		<manufacturer>Konami</manufacturer>
		<year>1997</year>
		<genre>Rhythm</genre>
		<rating>AAMA - Green (Suitable For All Ages)</rating>
		<enabled>Yes</enabled>
	</game>
	<game name="bm2ndmxa" index="" image="">
		<description>beatmania 2nd MIX (ver JA-A)</description>
		<cloneof>bm2ndmix</cloneof>
		<crc></crc>
		<manufacturer>Konami</manufacturer>
		<year>1998</year>
		<genre>Rhythm</genre>
		<rating>AAMA - Green (Suitable For All Ages)</rating>
		<enabled>Yes</enabled>
	</game>
	<game name="bm2ndmix" index="" image="">
		<description>beatmania 2nd MIX (ver JA-B)</description>
		<cloneof></cloneof>
		<crc></crc>
		<manufacturer>Konami</manufacturer>
		<year>1998</year>
		<genre>Rhythm</genre>
		<rating>AAMA - Green (Suitable For All Ages)</rating>
		<enabled>Yes</enabled>
	</game>
	<game name="bm3rdmix" index="" image="">
		<description>beatmania 3rd MIX (ver JA-A)</description>
		<cloneof></cloneof>
		<crc></crc>
		<manufacturer>Konami</manufacturer>
		<year>1998</year>
		<genre>Rhythm</genre>
		<rating>AAMA - Green (Suitable For All Ages)</rating>
		<enabled>Yes</enabled>
	</game>
	<game name="bm4thmix" index="" image="">
		<description>beatmania 4th MIX (ver JA-A)</description>
		<cloneof></cloneof>
		<crc></crc>
		<manufacturer>Konami</manufacturer>
		<year>1999</year>
		<genre>Rhythm</genre>
		<rating>AAMA - Green (Suitable For All Ages)</rating>
		<enabled>Yes</enabled>
	</game>
	<game name="bm5thmix" index="" image="">
		<description>beatmania 5th MIX (ver JA-A)</description>
		<cloneof></cloneof>
		<crc></crc>
		<manufacturer>Konami</manufacturer>
		<year>1999</year>
		<genre>Rhythm</genre>
		<rating>AAMA - Green (Suitable For All Ages)</rating>
		<enabled>Yes</enabled>
	</game>
	<game name="bm6thmix" index="" image="">
		<description>beatmania 6th MIX (ver JA-A)</description>
		<cloneof></cloneof>
		<crc></crc>
		<manufacturer>Konami</manufacturer>
		<year>2001</year>
		<genre>Rhythm</genre>
		<rating>AAMA - Green (Suitable For All Ages)</rating>
		<enabled>Yes</enabled>
	</game>
	<game name="bm7thmix" index="" image="">
		<description>beatmania 7th MIX (ver JA-B)</description>
		<cloneof></cloneof>
		<crc></crc>
		<manufacturer>Konami</manufacturer>
		<year>2001</year>
		<genre>Rhythm</genre>
		<rating>AAMA - Green (Suitable For All Ages)</rating>
		<enabled>Yes</enabled>
	</game>
	<game name="bmclubmx" index="" image="">
		<description>beatmania Club MIX (ver JA-A)</description>
		<cloneof></cloneof>
		<crc></crc>
		<manufacturer>Konami</manufacturer>
		<year>2000</year>
		<genre>Rhythm</genre>
		<rating>AAMA - Green (Suitable For All Ages)</rating>
		<enabled>Yes</enabled>
	</game>
	<game name="bmcompmx" index="" image="">
		<description>beatmania complete MIX (ver JA-B)</description>
		<cloneof></cloneof>
		<crc></crc>
		<manufacturer>Konami</manufacturer>
		<year>1999</year>
		<genre>Rhythm</genre>
		<rating>AAMA - Green (Suitable For All Ages)</rating>
		<enabled>Yes</enabled>
	</game>
	<game name="bmcompm2" index="" image="">
		<description>beatmania complete MIX 2 (ver JA-A)</description>
		<cloneof></cloneof>
		<crc></crc>
		<manufacturer>Konami</manufacturer>
		<year>2000</year>
		<genre>Rhythm</genre>
		<rating>AAMA - Green (Suitable For All Ages)</rating>
		<enabled>Yes</enabled>
	</game>
	<game name="bmcorerm" index="" image="">
		<description>beatmania CORE REMIX (ver JA-A)</description>
		<cloneof></cloneof>
		<crc></crc>
		<manufacturer>Konami</manufacturer>
		<year>2000</year>
		<genre>Rhythm</genre>
		<rating>AAMA - Green (Suitable For All Ages)</rating>
		<enabled>Yes</enabled>
	</game>
	<game name="bmdct" index="" image="">
		<description>beatmania featuring Dreams Come True (ver JA-A)</description>
		<cloneof></cloneof>
		<crc></crc>
		<manufacturer>Konami</manufacturer>
		<year>2000</year>
		<genre>Rhythm</genre>
		<rating>AAMA - Green (Suitable For All Ages)</rating>
		<enabled>Yes</enabled>
	</game>
	<game name="bmfinal" index="" image="">
		<description>beatmania THE FINAL (ver JA-A)</description>
		<cloneof></cloneof>
		<crc></crc>
		<manufacturer>Konami</manufacturer>
		<year>2002</year>
		<genre>Rhythm</genre>
		<rating>AAMA - Green (Suitable For All Ages)</rating>
		<enabled>Yes</enabled>
	</game>
	<game name="ddra" index="true" image="d">
		<description>Dance Dance Revolution (GN845 VER. AAA)</description>
		<cloneof>dstage</cloneof>
		<crc></crc>
		<manufacturer>Konami</manufacturer>
		<year>1999</year>
		<genre>Rhythm</genre>
		<rating>AAMA - Green (Suitable For All Ages)</rating>
		<enabled>Yes</enabled>
	</game>
	<game name="ddru" index="" image="">
		<description>Dance Dance Revolution (GN845 VER. UAA)</description>
		<cloneof>dstage</cloneof>
		<crc></crc>
		<manufacturer>Konami</manufacturer>
		<year>1999</year>
		<genre>Rhythm</genre>
		<rating>AAMA - Green (Suitable For All Ages)</rating>
		<enabled>Yes</enabled>
	</game>
	<game name="ddrj" index="" image="">
		<description>Dance Dance Revolution - Internet Ranking Ver (GC845 VER. JBA)</description>
		<cloneof>dstage</cloneof>
		<crc></crc>
		<manufacturer>Konami</manufacturer>
		<year>1998</year>
		<genre>Rhythm</genre>
		<rating>AAMA - Green (Suitable For All Ages)</rating>
		<enabled>Yes</enabled>
	</game>
	<game name="ddr2m" index="" image="">
		<description>Dance Dance Revolution 2nd Mix (GN895 VER. JAA)</description>
		<cloneof></cloneof>
		<crc></crc>
		<manufacturer>Konami</manufacturer>
		<year>1999</year>
		<genre>Rhythm</genre>
		<rating>AAMA - Green (Suitable For All Ages)</rating>
		<enabled>Yes</enabled>
	</game>
	<game name="ddr2mla" index="" image="">
		<description>Dance Dance Revolution 2nd Mix - Link Ver (GE885 VER. JAA)</description>
		<cloneof>ddr2m</cloneof>
		<crc></crc>
		<manufacturer>Konami</manufacturer>
		<year>1999</year>
		<genre>Rhythm</genre>
		<rating>AAMA - Green (Suitable For All Ages)</rating>
		<enabled>Yes</enabled>
	</game>
	<game name="ddr2ml" index="" image="">
		<description>Dance Dance Revolution 2nd Mix - Link Ver (GE885 VER. JAB)</description>
		<cloneof>ddr2m</cloneof>
		<crc></crc>
		<manufacturer>Konami</manufacturer>
		<year>1999</year>
		<genre>Rhythm</genre>
		<rating>AAMA - Green (Suitable For All Ages)</rating>
		<enabled>Yes</enabled>
	</game>
	<game name="ddr2mc" index="" image="">
		<description>Dance Dance Revolution 2nd Mix with beatmaniaIIDX CLUB VERSiON (GE896 VER. JAA)</description>
		<cloneof>ddr2m</cloneof>
		<crc></crc>
		<manufacturer>Konami</manufacturer>
		<year>1999</year>
		<genre>Rhythm</genre>
		<rating>AAMA - Green (Suitable For All Ages)</rating>
		<enabled>Yes</enabled>
	</game>
	<game name="ddr2mc2" index="" image="">
		<description>Dance Dance Revolution 2nd Mix with beatmaniaIIDX substream CLUB VERSiON 2 (GE984 VER. JAA)</description>
		<cloneof>ddr2m</cloneof>
		<crc></crc>
		<manufacturer>Konami</manufacturer>
		<year>1999</year>
		<genre>Rhythm</genre>
		<rating>AAMA - Green (Suitable For All Ages)</rating>
		<enabled>Yes</enabled>
	</game>
	<game name="ddrbocd" index="" image="">
		<description>Dance Dance Revolution Best of Cool Dancers (GE892 VER. JAA)</description>
		<cloneof>ddr2m</cloneof>
		<crc></crc>
		<manufacturer>Konami</manufacturer>
		<year>1999</year>
		<genre>Rhythm</genre>
		<rating>AAMA - Green (Suitable For All Ages)</rating>
		<enabled>Yes</enabled>
	</game>
	<game name="dstage" index="" image="">
		<description>Dancing Stage (GN845 VER. EAA)</description>
		<cloneof></cloneof>
		<crc></crc>
		<manufacturer>Konami</manufacturer>
		<year>1999</year>
		<genre>Rhythm</genre>
		<rating>AAMA - Green (Suitable For All Ages)</rating>
		<enabled>Yes</enabled>
	</game>
	<game name="dsfdcta" index="" image="">
		<description>Dancing Stage featuring Dreams Come True (GC910 VER. JAA)</description>
		<cloneof>dsfdct</cloneof>
		<crc></crc>
		<manufacturer>Konami</manufacturer>
		<year>1999</year>
		<genre>Rhythm</genre>
		<rating>AAMA - Green (Suitable For All Ages)</rating>
		<enabled>Yes</enabled>
	</game>
	<game name="dsftkd" index="" image="">
		<description>Dancing Stage featuring TRUE KiSS DESTiNATiON (G*884 VER. JAA)</description>
		<cloneof></cloneof>
		<crc></crc>
		<manufacturer>Konami</manufacturer>
		<year>1999</year>
		<genre>Rhythm</genre>
		<rating>AAMA - Green (Suitable For All Ages)</rating>
		<enabled>Yes</enabled>
	</game>
	<game name="gtrfrksa" index="true" image="g">
		<description>Guitar Freaks (GQ886 VER. AAC)</description>
		<cloneof>gtrfrks</cloneof>
		<crc></crc>
		<manufacturer>Konami</manufacturer>
		<year>1999</year>
		<genre>Rhythm</genre>
		<rating>AAMA - Green (Suitable For All Ages)</rating>
		<enabled>Yes</enabled>
	</game>
	<game name="gtrfrks" index="" image="">
		<description>Guitar Freaks (GQ886 VER. EAC)</description>
		<cloneof></cloneof>
		<crc></crc>
		<manufacturer>Konami</manufacturer>
		<year>1999</year>
		<genre>Rhythm</genre>
		<rating>AAMA - Green (Suitable For All Ages)</rating>
		<enabled>Yes</enabled>
	</game>
	<game name="gtrfrksj" index="" image="">
		<description>Guitar Freaks (GQ886 VER. JAC)</description>
		<cloneof>gtrfrks</cloneof>
		<crc></crc>
		<manufacturer>Konami</manufacturer>
		<year>1999</year>
		<genre>Rhythm</genre>
		<rating>AAMA - Green (Suitable For All Ages)</rating>
		<enabled>Yes</enabled>
	</game>
	<game name="gtrfrksu" index="" image="">
		<description>Guitar Freaks (GQ886 VER. UAC)</description>
		<cloneof>gtrfrks</cloneof>
		<crc></crc>
		<manufacturer>Konami</manufacturer>
		<year>1999</year>
		<genre>Rhythm</genre>
		<rating>AAMA - Green (Suitable For All Ages)</rating>
		<enabled>Yes</enabled>
	</game>
	<game name="gtrfrk2m" index="" image="">
		<description>Guitar Freaks 2nd Mix Ver 1.01 (GQ883 VER. JAD)</description>
		<cloneof></cloneof>
		<crc></crc>
		<manufacturer>Konami</manufacturer>
		<year>1999</year>
		<genre>Rhythm</genre>
		<rating>AAMA - Green (Suitable For All Ages)</rating>
		<enabled>Yes</enabled>
	</game>
	<game name="hmcompmx" index="true" image="h">
		<description>hiphopmania complete MIX (ver UA-B)</description>
		<cloneof>bmcompmx</cloneof>
		<crc></crc>
		<manufacturer>Konami</manufacturer>
		<year>1999</year>
		<genre>Rhythm</genre>
		<rating>AAMA - Green (Suitable For All Ages)</rating>
		<enabled>Yes</enabled>
	</game>
	<game name="hmcompm2" index="" image="">
		<description>hiphopmania complete MIX 2 (ver UA-A)</description>
		<cloneof>bmcompm2</cloneof>
		<crc></crc>
		<manufacturer>Konami</manufacturer>
		<year>2000</year>
		<genre>Rhythm</genre>
		<rating>AAMA - Green (Suitable For All Ages)</rating>
		<enabled>Yes</enabled>
	</game>
	<game name="pacapp" index="true" image="p">
		<description>Paca Paca Passion (Japan, PPP1/VER.A2)</description>
		<cloneof></cloneof>
		<crc></crc>
		<manufacturer>Produce / Namco</manufacturer>
		<year>1999</year>
		<genre>Rhythm</genre>
		<rating>AAMA - Green (Suitable For All Ages)</rating>
		<enabled>Yes</enabled>
	</game>
	<game name="pacapp2" index="" image="">
		<description>Paca Paca Passion 2 (Japan, PKS1/VER.A)</description>
		<cloneof></cloneof>
		<crc></crc>
		<manufacturer>Produce / Namco</manufacturer>
		<year>1999</year>
		<genre>Rhythm</genre>
		<rating>AAMA - Green (Suitable For All Ages)</rating>
		<enabled>Yes</enabled>
	</game>
	<game name="pacappsp" index="" image="">
		<description>Paca Paca Passion Special (Japan, PSP1/VER.A)</description>
		<cloneof></cloneof>
		<crc></crc>
		<manufacturer>Produce / Namco</manufacturer>
		<year>1999</year>
		<genre>Rhythm</genre>
		<rating>AAMA - Green (Suitable For All Ages)</rating>
		<enabled>Yes</enabled>
	</game>
	<game name="popn2" index="" image="">
		<description>Pop&apos;n Music 2 (ver JA-A)</description>
		<cloneof></cloneof>
		<crc></crc>
		<manufacturer>Konami</manufacturer>
		<year>1998</year>
		<genre>Rhythm</genre>
		<rating>AAMA - Green (Suitable For All Ages)</rating>
		<enabled>Yes</enabled>
	</game>
	<game name="rockn3" index="true" image="r">
		<description>Rock&apos;n 3 (Japan)</description>
		<cloneof></cloneof>
		<crc></crc>
		<manufacturer>Jaleco</manufacturer>
		<year>1999</year>
		<genre>Rhythm</genre>
		<rating>AAMA - Green (Suitable For All Ages)</rating>
		<enabled>Yes</enabled>
	</game>
	<game name="rockn4" index="" image="">
		<description>Rock&apos;n 4 (Japan, prototype)</description>
		<cloneof></cloneof>
		<crc></crc>
		<manufacturer>Jaleco / PCCWJ</manufacturer>
		<year>2000</year>
		<genre>Rhythm</genre>
		<rating>AAMA - Green (Suitable For All Ages)</rating>
		<enabled>Yes</enabled>
	</game>
	<game name="rocknms" index="" image="">
		<description>Rock&apos;n MegaSession (Japan)</description>
		<cloneof></cloneof>
		<crc></crc>
		<manufacturer>Jaleco</manufacturer>
		<year>1999</year>
		<genre>Rhythm</genre>
		<rating>AAMA - Green (Suitable For All Ages)</rating>
		<enabled>Yes</enabled>
	</game>
	<game name="rockn" index="" image="">
		<description>Rock&apos;n Tread (Japan)</description>
		<cloneof></cloneof>
		<crc></crc>
		<manufacturer>Jaleco</manufacturer>
		<year>1999</year>
		<genre>Rhythm</genre>
		<rating>AAMA - Green (Suitable For All Ages)</rating>
		<enabled>Yes</enabled>
	</game>
	<game name="rockna" index="" image="">
		<description>Rock&apos;n Tread (Japan, alternate)</description>
		<cloneof>rockn</cloneof>
		<crc></crc>
		<manufacturer>Jaleco</manufacturer>
		<year>1999</year>
		<genre>Rhythm</genre>
		<rating>AAMA - Green (Suitable For All Ages)</rating>
		<enabled>Yes</enabled>
	</game>
	<game name="rockn2" index="" image="">
		<description>Rock&apos;n Tread 2 (Japan)</description>
		<cloneof></cloneof>
		<crc></crc>
		<manufacturer>Jaleco</manufacturer>
		<year>1999</year>
		<genre>Rhythm</genre>
		<rating>AAMA - Green (Suitable For All Ages)</rating>
		<enabled>Yes</enabled>
	</game>
</menu>