<?xml version="1.0"?>
<menu>
	<header>
		<listname>MAME</listname>
		<lastlistupdate>06/03/2012</lastlistupdate>
		<listversion>.146 Ongoing</listversion>
		<exporterversion>HyperList XML Exporter Version 1.3 Copywrite (c) 2009-2011 William Strong</exporterversion>
	</header>
	<game name="720gr1" index="true" image="7">
		<description>720 Degrees (German, rev 1)</description>
		<cloneof>720</cloneof>
		<crc></crc>
		<manufacturer>Atari Games</manufacturer>
		<year>1986</year>
		<genre>Sports/Skateboarding</genre>
		<rating>AAMA - Green (Suitable For All Ages)</rating>
		<enabled>Yes</enabled>
	</game>
	<game name="720g" index="" image="">
		<description>720 Degrees (German, rev 2)</description>
		<cloneof>720</cloneof>
		<crc></crc>
		<manufacturer>Atari Games</manufacturer>
		<year>1986</year>
		<genre>Sports/Skateboarding</genre>
		<rating>AAMA - Green (Suitable For All Ages)</rating>
		<enabled>Yes</enabled>
	</game>
	<game name="720r1" index="" image="">
		<description>720 Degrees (rev 1)</description>
		<cloneof>720</cloneof>
		<crc></crc>
		<manufacturer>Atari Games</manufacturer>
		<year>1986</year>
		<genre>Sports/Skateboarding</genre>
		<rating>AAMA - Green (Suitable For All Ages)</rating>
		<enabled>Yes</enabled>
	</game>
	<game name="720r2" index="" image="">
		<description>720 Degrees (rev 2)</description>
		<cloneof>720</cloneof>
		<crc></crc>
		<manufacturer>Atari Games</manufacturer>
		<year>1986</year>
		<genre>Sports/Skateboarding</genre>
		<rating>AAMA - Green (Suitable For All Ages)</rating>
		<enabled>Yes</enabled>
	</game>
	<game name="720r3" index="" image="">
		<description>720 Degrees (rev 3)</description>
		<cloneof>720</cloneof>
		<crc></crc>
		<manufacturer>Atari Games</manufacturer>
		<year>1986</year>
		<genre>Sports/Skateboarding</genre>
		<rating>AAMA - Green (Suitable For All Ages)</rating>
		<enabled>Yes</enabled>
	</game>
	<game name="720" index="" image="">
		<description>720 Degrees (rev 4)</description>
		<cloneof></cloneof>
		<crc></crc>
		<manufacturer>Atari Games</manufacturer>
		<year>1986</year>
		<genre>Sports/Skateboarding</genre>
		<rating>AAMA - Green (Suitable For All Ages)</rating>
		<enabled>Yes</enabled>
	</game>
	<game name="cskater" index="true" image="s">
		<description>Skater (DECO Cassette, Japan)</description>
		<cloneof></cloneof>
		<crc></crc>
		<manufacturer>Data East Corporation</manufacturer>
		<year>1983</year>
		<genre>Sports/Skateboarding</genre>
		<rating>AAMA - Green (Suitable For All Ages)</rating>
		<enabled>Yes</enabled>
	</game>
</menu>