<?xml version="1.0"?>
<menu>
	<header>
		<listname>MAME</listname>
		<lastlistupdate>06/03/2012</lastlistupdate>
		<listversion>.146 Ongoing</listversion>
		<exporterversion>HyperList XML Exporter Version 1.3 Copywrite (c) 2009-2011 William Strong</exporterversion>
	</header>
	<game name="88games" index="true" image="'">
		<description>&apos;88 Games</description>
		<cloneof></cloneof>
		<crc></crc>
		<manufacturer>Konami</manufacturer>
		<year>1988</year>
		<genre>Sports/Track &amp; Field</genre>
		<rating>AAMA - Green (Suitable For All Ages)</rating>
		<enabled>Yes</enabled>
	</game>
	<game name="atlantol" index="true" image="a">
		<description>Atlant Olimpic</description>
		<cloneof>trackfld</cloneof>
		<crc></crc>
		<manufacturer>bootleg</manufacturer>
		<year>1996</year>
		<genre>Sports/Track &amp; Field</genre>
		<rating>AAMA - Green (Suitable For All Ages)</rating>
		<enabled>Yes</enabled>
	</game>
	<game name="bootcamp" index="true" image="b">
		<description>Boot Camp</description>
		<cloneof>combatsc</cloneof>
		<crc></crc>
		<manufacturer>Konami</manufacturer>
		<year>1987</year>
		<genre>Sports/Track &amp; Field</genre>
		<rating>AAMA - Green (Suitable For All Ages)</rating>
		<enabled>Yes</enabled>
	</game>
	<game name="combatscb" index="true" image="c">
		<description>Combat School (bootleg)</description>
		<cloneof>combatsc</cloneof>
		<crc></crc>
		<manufacturer>bootleg</manufacturer>
		<year>1988</year>
		<genre>Sports/Track &amp; Field</genre>
		<rating>AAMA - Green (Suitable For All Ages)</rating>
		<enabled>Yes</enabled>
	</game>
	<game name="combatscj" index="" image="">
		<description>Combat School (Japan trackball)</description>
		<cloneof>combatsc</cloneof>
		<crc></crc>
		<manufacturer>Konami</manufacturer>
		<year>1987</year>
		<genre>Sports/Track &amp; Field</genre>
		<rating>AAMA - Green (Suitable For All Ages)</rating>
		<enabled>Yes</enabled>
	</game>
	<game name="combatsc" index="" image="">
		<description>Combat School (joystick)</description>
		<cloneof></cloneof>
		<crc></crc>
		<manufacturer>Konami</manufacturer>
		<year>1988</year>
		<genre>Sports/Track &amp; Field</genre>
		<rating>AAMA - Green (Suitable For All Ages)</rating>
		<enabled>Yes</enabled>
	</game>
	<game name="combatsct" index="" image="">
		<description>Combat School (trackball)</description>
		<cloneof>combatsc</cloneof>
		<crc></crc>
		<manufacturer>Konami</manufacturer>
		<year>1987</year>
		<genre>Sports/Track &amp; Field</genre>
		<rating>AAMA - Green (Suitable For All Ages)</rating>
		<enabled>Yes</enabled>
	</game>
	<game name="esckids" index="true" image="e">
		<description>Escape Kids (Asia, 4 Players)</description>
		<cloneof></cloneof>
		<crc></crc>
		<manufacturer>Konami</manufacturer>
		<year>1991</year>
		<genre>Sports/Track &amp; Field</genre>
		<rating>AAMA - Green (Suitable For All Ages)</rating>
		<enabled>Yes</enabled>
	</game>
	<game name="esckidsj" index="" image="">
		<description>Escape Kids (Japan, 2 Players)</description>
		<cloneof>esckids</cloneof>
		<crc></crc>
		<manufacturer>Konami</manufacturer>
		<year>1991</year>
		<genre>Sports/Track &amp; Field</genre>
		<rating>AAMA - Green (Suitable For All Ages)</rating>
		<enabled>Yes</enabled>
	</game>
	<game name="fieldday" index="true" image="f">
		<description>Field Day</description>
		<cloneof></cloneof>
		<crc></crc>
		<manufacturer>Taito Corporation</manufacturer>
		<year>1984</year>
		<genre>Sports/Track &amp; Field</genre>
		<rating>AAMA - Green (Suitable For All Ages)</rating>
		<enabled>Yes</enabled>
	</game>
	<game name="gogold" index="true" image="g">
		<description>Go For The Gold (Japan)</description>
		<cloneof>recordbr</cloneof>
		<crc></crc>
		<manufacturer>Taito Corporation</manufacturer>
		<year>1988</year>
		<genre>Sports/Track &amp; Field</genre>
		<rating>AAMA - Green (Suitable For All Ages)</rating>
		<enabled>Yes</enabled>
	</game>
	<game name="goldmedl" index="" image="">
		<description>Gold Medalist (set 1)</description>
		<cloneof></cloneof>
		<crc></crc>
		<manufacturer>SNK</manufacturer>
		<year>1988</year>
		<genre>Sports/Track &amp; Field</genre>
		<rating>AAMA - Green (Suitable For All Ages)</rating>
		<enabled>Yes</enabled>
	</game>
	<game name="goldmedla" index="" image="">
		<description>Gold Medalist (set 2)</description>
		<cloneof>goldmedl</cloneof>
		<crc></crc>
		<manufacturer>SNK</manufacturer>
		<year>1988</year>
		<genre>Sports/Track &amp; Field</genre>
		<rating>AAMA - Green (Suitable For All Ages)</rating>
		<enabled>Yes</enabled>
	</game>
	<game name="herbiedk" index="true" image="h">
		<description>Herbie at the Olympics (DK conversion)</description>
		<cloneof>huncholy</cloneof>
		<crc></crc>
		<manufacturer>Century Electronics / Seatongrove Ltd</manufacturer>
		<year>1984</year>
		<genre>Sports/Track &amp; Field</genre>
		<rating>AAMA - Green (Suitable For All Ages)</rating>
		<enabled>Yes</enabled>
	</game>
	<game name="huncholy" index="" image="">
		<description>Hunchback Olympic</description>
		<cloneof></cloneof>
		<crc></crc>
		<manufacturer>Century Electronics / Seatongrove Ltd</manufacturer>
		<year>1984</year>
		<genre>Sports/Track &amp; Field</genre>
		<rating>AAMA - Green (Suitable For All Ages)</rating>
		<enabled>Yes</enabled>
	</game>
	<game name="hncholms" index="" image="">
		<description>Hunchback Olympic (Scramble hardware)</description>
		<cloneof>huncholy</cloneof>
		<crc></crc>
		<manufacturer>Century Electronics / Seatongrove Ltd</manufacturer>
		<year>1984</year>
		<genre>Sports/Track &amp; Field</genre>
		<rating>AAMA - Green (Suitable For All Ages)</rating>
		<enabled>Yes</enabled>
	</game>
	<game name="hyperath" index="" image="">
		<description>Hyper Athlete (GV021 Japan 1.00)</description>
		<cloneof></cloneof>
		<crc></crc>
		<manufacturer>Konami</manufacturer>
		<year>1996</year>
		<genre>Sports/Track &amp; Field</genre>
		<rating>AAMA - Green (Suitable For All Ages)</rating>
		<enabled>Yes</enabled>
	</game>
	<game name="hyprolym" index="" image="">
		<description>Hyper Olympic</description>
		<cloneof>trackfld</cloneof>
		<crc></crc>
		<manufacturer>Konami</manufacturer>
		<year>1983</year>
		<genre>Sports/Track &amp; Field</genre>
		<rating>AAMA - Green (Suitable For All Ages)</rating>
		<enabled>Yes</enabled>
	</game>
	<game name="hpolym84" index="" image="">
		<description>Hyper Olympic &apos;84</description>
		<cloneof>hyperspt</cloneof>
		<crc></crc>
		<manufacturer>Konami</manufacturer>
		<year>1984</year>
		<genre>Sports/Track &amp; Field</genre>
		<rating>AAMA - Green (Suitable For All Ages)</rating>
		<enabled>Yes</enabled>
	</game>
	<game name="hyprolymb" index="" image="">
		<description>Hyper Olympic (bootleg)</description>
		<cloneof>trackfld</cloneof>
		<crc></crc>
		<manufacturer>bootleg</manufacturer>
		<year>1983</year>
		<genre>Sports/Track &amp; Field</genre>
		<rating>AAMA - Green (Suitable For All Ages)</rating>
		<enabled>Yes</enabled>
	</game>
	<game name="hyperspt" index="" image="">
		<description>Hyper Sports</description>
		<cloneof></cloneof>
		<crc></crc>
		<manufacturer>Konami (Centuri license)</manufacturer>
		<year>1984</year>
		<genre>Sports/Track &amp; Field</genre>
		<rating>AAMA - Green (Suitable For All Ages)</rating>
		<enabled>Yes</enabled>
	</game>
	<game name="hypersptb" index="" image="">
		<description>Hyper Sports (bootleg)</description>
		<cloneof>hyperspt</cloneof>
		<crc></crc>
		<manufacturer>bootleg</manufacturer>
		<year>1984</year>
		<genre>Sports/Track &amp; Field</genre>
		<rating>AAMA - Green (Suitable For All Ages)</rating>
		<enabled>Yes</enabled>
	</game>
	<game name="hypsptsp" index="" image="">
		<description>Hyper Sports Special (Japan)</description>
		<cloneof>88games</cloneof>
		<crc></crc>
		<manufacturer>Konami</manufacturer>
		<year>1988</year>
		<genre>Sports/Track &amp; Field</genre>
		<rating>AAMA - Green (Suitable For All Ages)</rating>
		<enabled>Yes</enabled>
	</game>
	<game name="konami88" index="true" image="k">
		<description>Konami &apos;88</description>
		<cloneof>88games</cloneof>
		<crc></crc>
		<manufacturer>Konami</manufacturer>
		<year>1988</year>
		<genre>Sports/Track &amp; Field</genre>
		<rating>AAMA - Green (Suitable For All Ages)</rating>
		<enabled>Yes</enabled>
	</game>
	<game name="machbrkr" index="true" image="m">
		<description>Mach Breakers - Numan Athletics 2 (Japan)</description>
		<cloneof></cloneof>
		<crc></crc>
		<manufacturer>Namco</manufacturer>
		<year>1995</year>
		<genre>Sports/Track &amp; Field</genre>
		<rating>AAMA - Green (Suitable For All Ages)</rating>
		<enabled>Yes</enabled>
	</game>
	<game name="mysticm" index="" image="">
		<description>Mystic Marathon</description>
		<cloneof></cloneof>
		<crc></crc>
		<manufacturer>Williams</manufacturer>
		<year>1983</year>
		<genre>Sports/Track &amp; Field</genre>
		<rating>AAMA - Green (Suitable For All Ages)</rating>
		<enabled>Yes</enabled>
	</game>
	<game name="nagano98" index="true" image="n">
		<description>Nagano Winter Olympics &apos;98 (GX720 EAA)</description>
		<cloneof></cloneof>
		<crc></crc>
		<manufacturer>Konami</manufacturer>
		<year>1998</year>
		<genre>Sports/Track &amp; Field</genre>
		<rating>AAMA - Green (Suitable For All Ages)</rating>
		<enabled>Yes</enabled>
	</game>
	<game name="numanathj" index="" image="">
		<description>Numan Athletics (Japan)</description>
		<cloneof>numanath</cloneof>
		<crc></crc>
		<manufacturer>Namco</manufacturer>
		<year>1993</year>
		<genre>Sports/Track &amp; Field</genre>
		<rating>AAMA - Green (Suitable For All Ages)</rating>
		<enabled>Yes</enabled>
	</game>
	<game name="numanath" index="" image="">
		<description>Numan Athletics (World)</description>
		<cloneof></cloneof>
		<crc></crc>
		<manufacturer>Namco</manufacturer>
		<year>1993</year>
		<genre>Sports/Track &amp; Field</genre>
		<rating>AAMA - Green (Suitable For All Ages)</rating>
		<enabled>Yes</enabled>
	</game>
	<game name="recordbr" index="true" image="r">
		<description>Recordbreaker (World)</description>
		<cloneof></cloneof>
		<crc></crc>
		<manufacturer>Taito Corporation Japan</manufacturer>
		<year>1988</year>
		<genre>Sports/Track &amp; Field</genre>
		<rating>AAMA - Green (Suitable For All Ages)</rating>
		<enabled>Yes</enabled>
	</game>
	<game name="undoukai" index="true" image="t">
		<description>The Undoukai (Japan)</description>
		<cloneof>fieldday</cloneof>
		<crc></crc>
		<manufacturer>Taito Corporation</manufacturer>
		<year>1984</year>
		<genre>Sports/Track &amp; Field</genre>
		<rating>AAMA - Green (Suitable For All Ages)</rating>
		<enabled>Yes</enabled>
	</game>
	<game name="tjumpman" index="" image="">
		<description>Tobikose! Jumpman</description>
		<cloneof></cloneof>
		<crc></crc>
		<manufacturer>Namco</manufacturer>
		<year>1999</year>
		<genre>Sports/Track &amp; Field</genre>
		<rating>AAMA - Green (Suitable For All Ages)</rating>
		<enabled>Yes</enabled>
	</game>
	<game name="trackfld" index="" image="">
		<description>Track &amp; Field</description>
		<cloneof></cloneof>
		<crc></crc>
		<manufacturer>Konami</manufacturer>
		<year>1983</year>
		<genre>Sports/Track &amp; Field</genre>
		<rating>AAMA - Green (Suitable For All Ages)</rating>
		<enabled>Yes</enabled>
	</game>
	<game name="trackfldc" index="" image="">
		<description>Track &amp; Field (Centuri)</description>
		<cloneof>trackfld</cloneof>
		<crc></crc>
		<manufacturer>Konami (Centuri license)</manufacturer>
		<year>1983</year>
		<genre>Sports/Track &amp; Field</genre>
		<rating>AAMA - Green (Suitable For All Ages)</rating>
		<enabled>Yes</enabled>
	</game>
	<game name="pc_tkfld" index="" image="">
		<description>Track &amp; Field (PlayChoice-10)</description>
		<cloneof></cloneof>
		<crc></crc>
		<manufacturer>Konami (Nintendo of America license)</manufacturer>
		<year>1987</year>
		<genre>Sports/Track &amp; Field</genre>
		<rating>AAMA - Green (Suitable For All Ages)</rating>
		<enabled>Yes</enabled>
	</game>
	<game name="wmatch" index="true" image="w">
		<description>Water Match (315-5064)</description>
		<cloneof></cloneof>
		<crc></crc>
		<manufacturer>Sega</manufacturer>
		<year>1984</year>
		<genre>Sports/Track &amp; Field</genre>
		<rating>AAMA - Green (Suitable For All Ages)</rating>
		<enabled>Yes</enabled>
	</game>
</menu>