<?xml version="1.0"?>
<menu>
	<header>
		<listname>MAME</listname>
		<lastlistupdate>06/03/2012</lastlistupdate>
		<listversion>.146 Ongoing</listversion>
		<exporterversion>HyperList XML Exporter Version 1.3 Copywrite (c) 2009-2011 William Strong</exporterversion>
	</header>
	<game name="spikes91" index="true" image="1">
		<description>1991 Spikes (Italian bootleg)</description>
		<cloneof>pspikes</cloneof>
		<crc></crc>
		<manufacturer>bootleg</manufacturer>
		<year>1991</year>
		<genre>Sports/Volleyball</genre>
		<rating>AAMA - Green (Suitable For All Ages)</rating>
		<enabled>Yes</enabled>
	</game>
	<game name="aceattaca" index="true" image="a">
		<description>Ace Attacker (Japan, System 16A, FD1094 317-0060)</description>
		<cloneof>aceattac</cloneof>
		<crc></crc>
		<manufacturer>Sega</manufacturer>
		<year>1988</year>
		<genre>Sports/Volleyball</genre>
		<rating>AAMA - Green (Suitable For All Ages)</rating>
		<enabled>Yes</enabled>
	</game>
	<game name="wbbc97" index="true" image="b">
		<description>Beach Festival World Championship 1997</description>
		<cloneof></cloneof>
		<crc></crc>
		<manufacturer>Comad</manufacturer>
		<year>1997</year>
		<genre>Sports/Volleyball</genre>
		<rating>AAMA - Green (Suitable For All Ages)</rating>
		<enabled>Yes</enabled>
	</game>
	<game name="josvolly" index="true" image="j">
		<description>Joshi Volleyball</description>
		<cloneof></cloneof>
		<crc></crc>
		<manufacturer>Taito Corporation</manufacturer>
		<year>1983</year>
		<genre>Sports/Volleyball</genre>
		<rating>AAMA - Green (Suitable For All Ages)</rating>
		<enabled>Yes</enabled>
	</game>
	<game name="pspikesb" index="true" image="p">
		<description>Power Spikes (bootleg)</description>
		<cloneof>pspikes</cloneof>
		<crc></crc>
		<manufacturer>bootleg</manufacturer>
		<year>1991</year>
		<genre>Sports/Volleyball</genre>
		<rating>AAMA - Green (Suitable For All Ages)</rating>
		<enabled>Yes</enabled>
	</game>
	<game name="pspikesc" index="" image="">
		<description>Power Spikes (China)</description>
		<cloneof>pspikes</cloneof>
		<crc></crc>
		<manufacturer>bootleg</manufacturer>
		<year>1991</year>
		<genre>Sports/Volleyball</genre>
		<rating>AAMA - Green (Suitable For All Ages)</rating>
		<enabled>Yes</enabled>
	</game>
	<game name="pspikesk" index="" image="">
		<description>Power Spikes (Korea)</description>
		<cloneof>pspikes</cloneof>
		<crc></crc>
		<manufacturer>Video System Co.</manufacturer>
		<year>1991</year>
		<genre>Sports/Volleyball</genre>
		<rating>AAMA - Green (Suitable For All Ages)</rating>
		<enabled>Yes</enabled>
	</game>
	<game name="pspikes" index="" image="">
		<description>Power Spikes (World)</description>
		<cloneof></cloneof>
		<crc></crc>
		<manufacturer>Video System Co.</manufacturer>
		<year>1991</year>
		<genre>Sports/Volleyball</genre>
		<rating>AAMA - Green (Suitable For All Ages)</rating>
		<enabled>Yes</enabled>
	</game>
	<game name="pspikes2" index="" image="">
		<description>Power Spikes II (NGM-068)</description>
		<cloneof></cloneof>
		<crc></crc>
		<manufacturer>Video System Co.</manufacturer>
		<year>1994</year>
		<genre>Sports/Volleyball</genre>
		<rating>AAMA - Green (Suitable For All Ages)</rating>
		<enabled>Yes</enabled>
	</game>
	<game name="spiker" index="true" image="s">
		<description>Spiker</description>
		<cloneof></cloneof>
		<crc></crc>
		<manufacturer>Bally/Sente</manufacturer>
		<year>1986</year>
		<genre>Sports/Volleyball</genre>
		<rating>AAMA - Green (Suitable For All Ages)</rating>
		<enabled>Yes</enabled>
	</game>
	<game name="spiker2" index="" image="">
		<description>Spiker (5/5/86)</description>
		<cloneof>spiker</cloneof>
		<crc></crc>
		<manufacturer>Bally/Sente</manufacturer>
		<year>1986</year>
		<genre>Sports/Volleyball</genre>
		<rating>AAMA - Green (Suitable For All Ages)</rating>
		<enabled>Yes</enabled>
	</game>
	<game name="spiker3" index="" image="">
		<description>Spiker (6/9/86)</description>
		<cloneof>spiker</cloneof>
		<crc></crc>
		<manufacturer>Bally/Sente</manufacturer>
		<year>1986</year>
		<genre>Sports/Volleyball</genre>
		<rating>AAMA - Green (Suitable For All Ages)</rating>
		<enabled>Yes</enabled>
	</game>
	<game name="svolly91" index="" image="">
		<description>Super Volley &apos;91 (Japan)</description>
		<cloneof>pspikes</cloneof>
		<crc></crc>
		<manufacturer>Video System Co.</manufacturer>
		<year>1991</year>
		<genre>Sports/Volleyball</genre>
		<rating>AAMA - Green (Suitable For All Ages)</rating>
		<enabled>Yes</enabled>
	</game>
	<game name="svolley" index="" image="">
		<description>Super Volleyball (Japan)</description>
		<cloneof></cloneof>
		<crc></crc>
		<manufacturer>V-System Co.</manufacturer>
		<year>1989</year>
		<genre>Sports/Volleyball</genre>
		<rating>AAMA - Green (Suitable For All Ages)</rating>
		<enabled>Yes</enabled>
	</game>
	<game name="svolleyk" index="" image="">
		<description>Super Volleyball (Korea)</description>
		<cloneof>svolley</cloneof>
		<crc></crc>
		<manufacturer>V-System Co.</manufacturer>
		<year>1989</year>
		<genre>Sports/Volleyball</genre>
		<rating>AAMA - Green (Suitable For All Ages)</rating>
		<enabled>Yes</enabled>
	</game>
	<game name="svolleyu" index="" image="">
		<description>Super Volleyball (US)</description>
		<cloneof>svolley</cloneof>
		<crc></crc>
		<manufacturer>V-System Co. (Data East license)</manufacturer>
		<year>1989</year>
		<genre>Sports/Volleyball</genre>
		<rating>AAMA - Green (Suitable For All Ages)</rating>
		<enabled>Yes</enabled>
	</game>
	<game name="vballb" index="true" image="u">
		<description>U.S. Championship V&apos;ball (bootleg)</description>
		<cloneof>vball</cloneof>
		<crc></crc>
		<manufacturer>bootleg</manufacturer>
		<year>1988</year>
		<genre>Sports/Volleyball</genre>
		<rating>AAMA - Green (Suitable For All Ages)</rating>
		<enabled>Yes</enabled>
	</game>
	<game name="vball2pj" index="" image="">
		<description>U.S. Championship V&apos;ball (Japan)</description>
		<cloneof>vball</cloneof>
		<crc></crc>
		<manufacturer>Technos Japan</manufacturer>
		<year>1988</year>
		<genre>Sports/Volleyball</genre>
		<rating>AAMA - Green (Suitable For All Ages)</rating>
		<enabled>Yes</enabled>
	</game>
	<game name="vball" index="" image="">
		<description>U.S. Championship V&apos;ball (US)</description>
		<cloneof></cloneof>
		<crc></crc>
		<manufacturer>Technos Japan</manufacturer>
		<year>1988</year>
		<genre>Sports/Volleyball</genre>
		<rating>AAMA - Green (Suitable For All Ages)</rating>
		<enabled>Yes</enabled>
	</game>
	<game name="pc_vball" index="true" image="v">
		<description>Volley Ball (PlayChoice-10)</description>
		<cloneof></cloneof>
		<crc></crc>
		<manufacturer>Nintendo</manufacturer>
		<year>1986</year>
		<genre>Sports/Volleyball</genre>
		<rating>AAMA - Green (Suitable For All Ages)</rating>
		<enabled>Yes</enabled>
	</game>
	<game name="winspike" index="true" image="w">
		<description>Winning Spike (ver EAA)</description>
		<cloneof></cloneof>
		<crc></crc>
		<manufacturer>Konami</manufacturer>
		<year>1997</year>
		<genre>Sports/Volleyball</genre>
		<rating>AAMA - Green (Suitable For All Ages)</rating>
		<enabled>Yes</enabled>
	</game>
	<game name="winspikej" index="" image="">
		<description>Winning Spike (ver JAA)</description>
		<cloneof>winspike</cloneof>
		<crc></crc>
		<manufacturer>Konami</manufacturer>
		<year>1997</year>
		<genre>Sports/Volleyball</genre>
		<rating>AAMA - Green (Suitable For All Ages)</rating>
		<enabled>Yes</enabled>
	</game>
	<game name="wbeachvl" index="" image="">
		<description>World Beach Volley (set 1)</description>
		<cloneof></cloneof>
		<crc></crc>
		<manufacturer>Playmark</manufacturer>
		<year>1995</year>
		<genre>Sports/Volleyball</genre>
		<rating>AAMA - Green (Suitable For All Ages)</rating>
		<enabled>Yes</enabled>
	</game>
	<game name="wbeachvl2" index="" image="">
		<description>World Beach Volley (set 2)</description>
		<cloneof>wbeachvl</cloneof>
		<crc></crc>
		<manufacturer>Playmark</manufacturer>
		<year>1995</year>
		<genre>Sports/Volleyball</genre>
		<rating>AAMA - Green (Suitable For All Ages)</rating>
		<enabled>Yes</enabled>
	</game>
	<game name="wbeachvl3" index="" image="">
		<description>World Beach Volley (set 3)</description>
		<cloneof>wbeachvl</cloneof>
		<crc></crc>
		<manufacturer>Playmark</manufacturer>
		<year>1995</year>
		<genre>Sports/Volleyball</genre>
		<rating>AAMA - Green (Suitable For All Ages)</rating>
		<enabled>Yes</enabled>
	</game>
	<game name="wcvol95" index="" image="">
		<description>World Cup Volley &apos;95 (Japan v1.0)</description>
		<cloneof></cloneof>
		<crc></crc>
		<manufacturer>Data East Corporation</manufacturer>
		<year>1995</year>
		<genre>Sports/Volleyball</genre>
		<rating>AAMA - Green (Suitable For All Ages)</rating>
		<enabled>Yes</enabled>
	</game>
</menu>