<?xml version="1.0"?>
<menu>
	<header>
		<listname>MAME</listname>
		<lastlistupdate>06/03/2012</lastlistupdate>
		<listversion>.146 Ongoing</listversion>
		<exporterversion>HyperList XML Exporter Version 1.3 Copywrite (c) 2009-2011 William Strong</exporterversion>
	</header>
	<game name="3countb" index="true" image="3">
		<description>3 Count Bout / Fire Suplex (NGM-043)(NGH-043)</description>
		<cloneof></cloneof>
		<crc></crc>
		<manufacturer>SNK</manufacturer>
		<year>1993</year>
		<genre>Sports/Wrestling</genre>
		<rating>AAMA - Yellow (Life Like Violence Mild)</rating>
		<enabled>Yes</enabled>
	</game>
	<game name="appoooh" index="true" image="a">
		<description>Appoooh</description>
		<cloneof></cloneof>
		<crc></crc>
		<manufacturer>Sanritsu / Sega</manufacturer>
		<year>1984</year>
		<genre>Sports/Wrestling</genre>
		<rating>AAMA - Yellow (Animated Violence Mild)</rating>
		<enabled>Yes</enabled>
	</game>
	<game name="blzntrnd" index="true" image="b">
		<description>Blazing Tornado</description>
		<cloneof></cloneof>
		<crc></crc>
		<manufacturer>Human Amusement</manufacturer>
		<year>1994</year>
		<genre>Sports/Wrestling</genre>
		<rating>AAMA - Yellow (Life Like Violence Mild)</rating>
		<enabled>Yes</enabled>
	</game>
	<game name="bodyslam" index="" image="">
		<description>Body Slam (8751 317-0015)</description>
		<cloneof></cloneof>
		<crc></crc>
		<manufacturer>Sega</manufacturer>
		<year>1986</year>
		<genre>Sports/Wrestling</genre>
		<rating>AAMA - Yellow (Animated Violence Mild)</rating>
		<enabled>Yes</enabled>
	</game>
	<game name="chwrestl" index="true" image="c">
		<description>Champion Pro Wrestling</description>
		<cloneof></cloneof>
		<crc></crc>
		<manufacturer>Sega</manufacturer>
		<year>1985</year>
		<genre>Sports/Wrestling</genre>
		<rating>AAMA - Yellow (Animated Violence Mild)</rating>
		<enabled>Yes</enabled>
	</game>
	<game name="champwrj" index="" image="">
		<description>Champion Wrestler (Japan)</description>
		<cloneof>champwr</cloneof>
		<crc></crc>
		<manufacturer>Taito Corporation</manufacturer>
		<year>1989</year>
		<genre>Sports/Wrestling</genre>
		<rating>AAMA - Yellow (Animated Violence Mild)</rating>
		<enabled>Yes</enabled>
	</game>
	<game name="champwru" index="" image="">
		<description>Champion Wrestler (US)</description>
		<cloneof>champwr</cloneof>
		<crc></crc>
		<manufacturer>Taito America Corporation</manufacturer>
		<year>1989</year>
		<genre>Sports/Wrestling</genre>
		<rating>AAMA - Yellow (Animated Violence Mild)</rating>
		<enabled>Yes</enabled>
	</game>
	<game name="champwr" index="" image="">
		<description>Champion Wrestler (World)</description>
		<cloneof></cloneof>
		<crc></crc>
		<manufacturer>Taito Corporation Japan</manufacturer>
		<year>1989</year>
		<genre>Sports/Wrestling</genre>
		<rating>AAMA - Yellow (Animated Violence Mild)</rating>
		<enabled>Yes</enabled>
	</game>
	<game name="dumpmtmt" index="true" image="d">
		<description>Dump Matsumoto (Japan, 8751 317-0011a)</description>
		<cloneof>bodyslam</cloneof>
		<crc></crc>
		<manufacturer>Sega</manufacturer>
		<year>1986</year>
		<genre>Sports/Wrestling</genre>
		<rating>AAMA - Yellow (Animated Violence Mild)</rating>
		<enabled>Yes</enabled>
	</game>
	<game name="excthour" index="true" image="e">
		<description>Exciting Hour</description>
		<cloneof>matmania</cloneof>
		<crc></crc>
		<manufacturer>Technos Japan (Taito license)</manufacturer>
		<year>1985</year>
		<genre>Sports/Wrestling</genre>
		<rating>AAMA - Yellow (Animated Violence Mild)</rating>
		<enabled>Yes</enabled>
	</game>
	<game name="grmatch" index="true" image="g">
		<description>Grudge Match (Yankee Game Technology)</description>
		<cloneof></cloneof>
		<crc></crc>
		<manufacturer>Yankee Game Technology</manufacturer>
		<year>1989</year>
		<genre>Sports/Wrestling</genre>
		<rating>AAMA - Yellow (Animated Violence Mild)</rating>
		<enabled>Yes</enabled>
	</game>
	<game name="maniach" index="true" image="m">
		<description>Mania Challenge (set 1)</description>
		<cloneof></cloneof>
		<crc></crc>
		<manufacturer>Technos Japan (Taito America license)</manufacturer>
		<year>1986</year>
		<genre>Sports/Wrestling</genre>
		<rating>AAMA - Yellow (Animated Violence Mild)</rating>
		<enabled>Yes</enabled>
	</game>
	<game name="maniach2" index="" image="">
		<description>Mania Challenge (set 2)</description>
		<cloneof>maniach</cloneof>
		<crc></crc>
		<manufacturer>Technos Japan (Taito America license)</manufacturer>
		<year>1986</year>
		<genre>Sports/Wrestling</genre>
		<rating>AAMA - Yellow (Animated Violence Mild)</rating>
		<enabled>Yes</enabled>
	</game>
	<game name="matmania" index="" image="">
		<description>Mat Mania</description>
		<cloneof></cloneof>
		<crc></crc>
		<manufacturer>Technos Japan (Taito America license)</manufacturer>
		<year>1985</year>
		<genre>Sports/Wrestling</genre>
		<rating>AAMA - Yellow (Animated Violence Mild)</rating>
		<enabled>Yes</enabled>
	</game>
	<game name="mbombrdj" index="" image="">
		<description>Muscle Bomber Duo: Heat Up Warriors (Japan 931206)</description>
		<cloneof>mbombrd</cloneof>
		<crc></crc>
		<manufacturer>Capcom</manufacturer>
		<year>1993</year>
		<genre>Sports/Wrestling</genre>
		<rating>AAMA - Yellow (Life Like Violence Mild)</rating>
		<enabled>Yes</enabled>
	</game>
	<game name="mbombrd" index="" image="">
		<description>Muscle Bomber Duo: Ultimate Team Battle (World 931206)</description>
		<cloneof></cloneof>
		<crc></crc>
		<manufacturer>Capcom</manufacturer>
		<year>1993</year>
		<genre>Sports/Wrestling</genre>
		<rating>AAMA - Yellow (Life Like Violence Mild)</rating>
		<enabled>Yes</enabled>
	</game>
	<game name="mbomberj" index="" image="">
		<description>Muscle Bomber: The Body Explosion (Japan 930713)</description>
		<cloneof>slammast</cloneof>
		<crc></crc>
		<manufacturer>Capcom</manufacturer>
		<year>1993</year>
		<genre>Sports/Wrestling</genre>
		<rating>AAMA - Yellow (Life Like Violence Mild)</rating>
		<enabled>Yes</enabled>
	</game>
	<game name="pc_pwrst" index="true" image="p">
		<description>Pro Wrestling (PlayChoice-10)</description>
		<cloneof></cloneof>
		<crc></crc>
		<manufacturer>Nintendo</manufacturer>
		<year>1986</year>
		<genre>Sports/Wrestling</genre>
		<rating>AAMA - Yellow (Animated Violence Mild)</rating>
		<enabled>Yes</enabled>
	</game>
	<game name="ringohja" index="true" image="r">
		<description>Ring no Ohja (Japan 2 Players ver. N)</description>
		<cloneof>mainevt</cloneof>
		<crc></crc>
		<manufacturer>Konami</manufacturer>
		<year>1988</year>
		<genre>Sports/Wrestling</genre>
		<rating>AAMA - Yellow (Animated Violence Mild)</rating>
		<enabled>Yes</enabled>
	</game>
	<game name="ringdesta" index="" image="">
		<description>Ring of Destruction: Slammasters II (Asia 940831)</description>
		<cloneof>ringdest</cloneof>
		<crc></crc>
		<manufacturer>Capcom</manufacturer>
		<year>1994</year>
		<genre>Sports/Wrestling</genre>
		<rating>AAMA - Yellow (Life Like Violence Mild)</rating>
		<enabled>Yes</enabled>
	</game>
	<game name="ringdstd" index="" image="">
		<description>Ring of Destruction: Slammasters II (Euro 940902 Phoenix Edition) (bootleg)</description>
		<cloneof>ringdest</cloneof>
		<crc></crc>
		<manufacturer>bootleg</manufacturer>
		<year>1994</year>
		<genre>Sports/Wrestling</genre>
		<rating>AAMA - Yellow (Life Like Violence Mild)</rating>
		<enabled>Yes</enabled>
	</game>
	<game name="ringdest" index="" image="">
		<description>Ring of Destruction: Slammasters II (Euro 940902)</description>
		<cloneof></cloneof>
		<crc></crc>
		<manufacturer>Capcom</manufacturer>
		<year>1994</year>
		<genre>Sports/Wrestling</genre>
		<rating>AAMA - Yellow (Life Like Violence Mild)</rating>
		<enabled>Yes</enabled>
	</game>
	<game name="ringrageu" index="" image="">
		<description>Ring Rage (Ver 2.3A 1992/08/09)</description>
		<cloneof>ringrage</cloneof>
		<crc></crc>
		<manufacturer>Taito America Corporation</manufacturer>
		<year>1992</year>
		<genre>Sports/Wrestling</genre>
		<rating>AAMA - Yellow (Life Like Violence Mild)</rating>
		<enabled>Yes</enabled>
	</game>
	<game name="ringragej" index="" image="">
		<description>Ring Rage (Ver 2.3J 1992/08/09)</description>
		<cloneof>ringrage</cloneof>
		<crc></crc>
		<manufacturer>Taito Corporation</manufacturer>
		<year>1992</year>
		<genre>Sports/Wrestling</genre>
		<rating>AAMA - Yellow (Life Like Violence Mild)</rating>
		<enabled>Yes</enabled>
	</game>
	<game name="ringrage" index="" image="">
		<description>Ring Rage (Ver 2.3O 1992/08/09)</description>
		<cloneof></cloneof>
		<crc></crc>
		<manufacturer>Taito Corporation Japan</manufacturer>
		<year>1992</year>
		<genre>Sports/Wrestling</genre>
		<rating>AAMA - Yellow (Life Like Violence Mild)</rating>
		<enabled>Yes</enabled>
	</game>
	<game name="robowres" index="" image="">
		<description>Robo Wres 2001</description>
		<cloneof></cloneof>
		<crc></crc>
		<manufacturer>Sanritsu / Sega</manufacturer>
		<year>1986</year>
		<genre>Sports/Wrestling</genre>
		<rating>AAMA - Yellow (Animated Violence Mild)</rating>
		<enabled>Yes</enabled>
	</game>
	<game name="robowresb" index="" image="">
		<description>Robo Wres 2001 (bootleg)</description>
		<cloneof>robowres</cloneof>
		<crc></crc>
		<manufacturer>bootleg</manufacturer>
		<year>1986</year>
		<genre>Sports/Wrestling</genre>
		<rating>AAMA - Yellow (Animated Violence Mild)</rating>
		<enabled>Yes</enabled>
	</game>
	<game name="slammastu" index="true" image="s">
		<description>Saturday Night Slam Masters (USA 930713)</description>
		<cloneof>slammast</cloneof>
		<crc></crc>
		<manufacturer>Capcom</manufacturer>
		<year>1993</year>
		<genre>Sports/Wrestling</genre>
		<rating>AAMA - Yellow (Life Like Violence Mild)</rating>
		<enabled>Yes</enabled>
	</game>
	<game name="slammast" index="" image="">
		<description>Saturday Night Slam Masters (World 930713)</description>
		<cloneof></cloneof>
		<crc></crc>
		<manufacturer>Capcom</manufacturer>
		<year>1993</year>
		<genre>Sports/Wrestling</genre>
		<rating>AAMA - Yellow (Life Like Violence Mild)</rating>
		<enabled>Yes</enabled>
	</game>
	<game name="toukon3" index="" image="">
		<description>Shin Nihon Pro Wrestling Toukon Retsuden 3 Arcade Edition (Japan, TR1/VER.A)</description>
		<cloneof></cloneof>
		<crc></crc>
		<manufacturer>Tomy / Namco</manufacturer>
		<year>1997</year>
		<genre>Sports/Wrestling</genre>
		<rating>AAMA - Yellow (Life Like Violence Mild)</rating>
		<enabled>Yes</enabled>
	</game>
	<game name="smbombr1" index="" image="">
		<description>Super Muscle Bomber: The International Blowout (Japan 940808)</description>
		<cloneof>ringdest</cloneof>
		<crc></crc>
		<manufacturer>Capcom</manufacturer>
		<year>1994</year>
		<genre>Sports/Wrestling</genre>
		<rating>AAMA - Yellow (Life Like Violence Mild)</rating>
		<enabled>Yes</enabled>
	</game>
	<game name="smbomb" index="" image="">
		<description>Super Muscle Bomber: The International Blowout (Japan 940831)</description>
		<cloneof>ringdest</cloneof>
		<crc></crc>
		<manufacturer>Capcom</manufacturer>
		<year>1994</year>
		<genre>Sports/Wrestling</genre>
		<rating>AAMA - Yellow (Life Like Violence Mild)</rating>
		<enabled>Yes</enabled>
	</game>
	<game name="tagteam" index="true" image="t">
		<description>Tag Team Wrestling</description>
		<cloneof>bigprowr</cloneof>
		<crc></crc>
		<manufacturer>Technos Japan (Data East license)</manufacturer>
		<year>1983</year>
		<genre>Sports/Wrestling</genre>
		<rating>AAMA - Yellow (Animated Violence Mild)</rating>
		<enabled>Yes</enabled>
	</game>
	<game name="bigprowr" index="" image="">
		<description>The Big Pro Wrestling!</description>
		<cloneof></cloneof>
		<crc></crc>
		<manufacturer>Technos Japan</manufacturer>
		<year>1983</year>
		<genre>Sports/Wrestling</genre>
		<rating>AAMA - Yellow (Animated Violence Mild)</rating>
		<enabled>Yes</enabled>
	</game>
	<game name="mainevt2p" index="" image="">
		<description>The Main Event (2 Players ver. X)</description>
		<cloneof>mainevt</cloneof>
		<crc></crc>
		<manufacturer>Konami</manufacturer>
		<year>1988</year>
		<genre>Sports/Wrestling</genre>
		<rating>AAMA - Yellow (Animated Violence Mild)</rating>
		<enabled>Yes</enabled>
	</game>
	<game name="mainevto" index="" image="">
		<description>The Main Event (4 Players ver. F)</description>
		<cloneof>mainevt</cloneof>
		<crc></crc>
		<manufacturer>Konami</manufacturer>
		<year>1988</year>
		<genre>Sports/Wrestling</genre>
		<rating>AAMA - Yellow (Animated Violence Mild)</rating>
		<enabled>Yes</enabled>
	</game>
	<game name="mainevt" index="" image="">
		<description>The Main Event (4 Players ver. Y)</description>
		<cloneof></cloneof>
		<crc></crc>
		<manufacturer>Konami</manufacturer>
		<year>1988</year>
		<genre>Sports/Wrestling</genre>
		<rating>AAMA - Yellow (Animated Violence Mild)</rating>
		<enabled>Yes</enabled>
	</game>
	<game name="mt_wwar" index="true" image="w">
		<description>Wrestle War (Mega-Tech)</description>
		<cloneof></cloneof>
		<crc></crc>
		<manufacturer>Sega</manufacturer>
		<year>1991</year>
		<genre>Sports/Wrestling</genre>
		<rating>AAMA - Yellow (Animated Violence Mild)</rating>
		<enabled>Yes</enabled>
	</game>
	<game name="wrestwar1" index="" image="">
		<description>Wrestle War (set 1, Japan, FD1094 317-0090)</description>
		<cloneof>wrestwar</cloneof>
		<crc></crc>
		<manufacturer>Sega</manufacturer>
		<year>1989</year>
		<genre>Sports/Wrestling</genre>
		<rating>AAMA - Yellow (Animated Violence Mild)</rating>
		<enabled>Yes</enabled>
	</game>
	<game name="wrestwar2" index="" image="">
		<description>Wrestle War (set 2, World, FD1094 317-0102)</description>
		<cloneof>wrestwar</cloneof>
		<crc></crc>
		<manufacturer>Sega</manufacturer>
		<year>1989</year>
		<genre>Sports/Wrestling</genre>
		<rating>AAMA - Yellow (Animated Violence Mild)</rating>
		<enabled>Yes</enabled>
	</game>
	<game name="wrestwar" index="" image="">
		<description>Wrestle War (set 3, World, 8751 317-0103)</description>
		<cloneof></cloneof>
		<crc></crc>
		<manufacturer>Sega</manufacturer>
		<year>1989</year>
		<genre>Sports/Wrestling</genre>
		<rating>AAMA - Yellow (Animated Violence Mild)</rating>
		<enabled>Yes</enabled>
	</game>
	<game name="wwfsstar" index="" image="">
		<description>WWF Superstars (Europe)</description>
		<cloneof></cloneof>
		<crc></crc>
		<manufacturer>Technos Japan</manufacturer>
		<year>1989</year>
		<genre>Sports/Wrestling</genre>
		<rating>AAMA - Yellow (Life Like Violence Mild)</rating>
		<enabled>Yes</enabled>
	</game>
	<game name="wwfsstaru" index="" image="">
		<description>WWF Superstars (US)</description>
		<cloneof>wwfsstar</cloneof>
		<crc></crc>
		<manufacturer>Technos Japan</manufacturer>
		<year>1989</year>
		<genre>Sports/Wrestling</genre>
		<rating>AAMA - Yellow (Life Like Violence Mild)</rating>
		<enabled>Yes</enabled>
	</game>
	<game name="wwfsstara" index="" image="">
		<description>WWF Superstars (US, Newer)</description>
		<cloneof>wwfsstar</cloneof>
		<crc></crc>
		<manufacturer>Technos Japan</manufacturer>
		<year>1989</year>
		<genre>Sports/Wrestling</genre>
		<rating>AAMA - Yellow (Life Like Violence Mild)</rating>
		<enabled>Yes</enabled>
	</game>
	<game name="wwfwfestj" index="" image="">
		<description>WWF WrestleFest (Japan)</description>
		<cloneof>wwfwfest</cloneof>
		<crc></crc>
		<manufacturer>Technos Japan</manufacturer>
		<year>1991</year>
		<genre>Sports/Wrestling</genre>
		<rating>AAMA - Yellow (Animated Violence Mild)</rating>
		<enabled>Yes</enabled>
	</game>
	<game name="wwfwfestb" index="" image="">
		<description>WWF WrestleFest (US bootleg)</description>
		<cloneof>wwfwfest</cloneof>
		<crc></crc>
		<manufacturer>bootleg</manufacturer>
		<year>1991</year>
		<genre>Sports/Wrestling</genre>
		<rating>AAMA - Yellow (Animated Violence Mild)</rating>
		<enabled>Yes</enabled>
	</game>
	<game name="wwfwfest" index="" image="">
		<description>WWF WrestleFest (US set 1)</description>
		<cloneof></cloneof>
		<crc></crc>
		<manufacturer>Technos Japan</manufacturer>
		<year>1991</year>
		<genre>Sports/Wrestling</genre>
		<rating>AAMA - Yellow (Animated Violence Mild)</rating>
		<enabled>Yes</enabled>
	</game>
	<game name="wwfwfesta" index="" image="">
		<description>WWF WrestleFest (US Tecmo)</description>
		<cloneof>wwfwfest</cloneof>
		<crc></crc>
		<manufacturer>Technos Japan (Tecmo license)</manufacturer>
		<year>1991</year>
		<genre>Sports/Wrestling</genre>
		<rating>AAMA - Yellow (Animated Violence Mild)</rating>
		<enabled>Yes</enabled>
	</game>
	<game name="wwfmaniab" index="" image="">
		<description>WWF: Wrestlemania (rev 1.20 08/02/95)</description>
		<cloneof>wwfmania</cloneof>
		<crc></crc>
		<manufacturer>Midway</manufacturer>
		<year>1995</year>
		<genre>Sports/Wrestling</genre>
		<rating>AAMA - Yellow (Life Like Violence Mild)</rating>
		<enabled>Yes</enabled>
	</game>
	<game name="wwfmania" index="" image="">
		<description>WWF: Wrestlemania (rev 1.30 08/10/95)</description>
		<cloneof></cloneof>
		<crc></crc>
		<manufacturer>Midway</manufacturer>
		<year>1995</year>
		<genre>Sports/Wrestling</genre>
		<rating>AAMA - Yellow (Life Like Violence Mild)</rating>
		<enabled>Yes</enabled>
	</game>
	<game name="znpwfv" index="true" image="z">
		<description>Zen Nippon Pro-Wrestling Featuring Virtua (J 971123 V1.000)</description>
		<cloneof></cloneof>
		<crc></crc>
		<manufacturer>Sega</manufacturer>
		<year>1997</year>
		<genre>Sports/Wrestling</genre>
		<rating>AAMA - Yellow (Life Like Violence Mild)</rating>
		<enabled>Yes</enabled>
	</game>
</menu>